Project Number,Project Title,Principal Investigator,Institution,Status,Research_Report_Title,Research_Report_URL,Year,Duration (months),Funding (HK$),Major Themes,Empirical_Data_URL
2013.A2.001.13A,Land and Housing Policies in Post-Handover Hong Kong : Political Economy and Urban Space,Prof LI Si Ming,Hong Kong Baptist University,Completed,Research Report,https://www.cepu.gov.hk/doc/en/research_report(PDF)/2013_A2_001_13A_Final_Report_Prof_Li.pdf,2013-14 (First Round),15,416760,Land and Housing,https://www.cepu.gov.hk/doc/en/research_report(ZIP)/Data Set_2013.A2.001.13A.zip
2013.A3.002.13A,A Study on the Preferences and Feasibility of Optional Retirement in Hong Kong: A Human Resources Management Perspective,"Prof CHAN Cheung Ming,
Alfred",Lingnan University,Completed,Research Report,https://www.cepu.gov.hk/doc/en/research_report(PDF)/2013_A3_002_13A_Final_Report_Prof_Chan.pdf,2013-14 (First Round),9,544255,Livelihood Issues,
2013.A3.003.13A,Retirement Planning for Pre-retiree in Hong Kong,"Prof CHAN Cheung Ming,
Alfred",Lingnan University,Completed,Research Report,https://www.cepu.gov.hk/doc/en/research_report(PDF)/2013_A3_003_13A_Final_Report_Prof_Chan.pdf,2013-14 (First Round),12,516954,Livelihood Issues,
2013.A3.004.13A,The Governing System of Pre-1997 Hong Kong: Archival Study of Selected Policies / Events,Dr LI Pang Kwong,Lingnan University,Completed,Research Report,https://www.cepu.gov.hk/doc/en/research_report(PDF)/2013_A3_004_13A_Final_Report_Dr_Li.pdf,2013-14 (First Round),14,443497.5,Political Development and Governance,
2013.A6.006.13A,Sustainable Planning Criteria (SPC) for Age-friendly Precincts (AFP) in the New Development Areas (NDAs) of Hong Kong,"Prof CHAN Hon Wan,
Edwin",The Hong Kong Polytechnic University,Completed,Research Report,https://www.cepu.gov.hk/doc/en/research_report(PDF)/2013_A6_006_13A_Final_Report_Prof_Chan.pdf,2013-14 (First Round),15,528471,"Land and Housing, Livelihood Issues",https://www.cepu.gov.hk/doc/en/research_report(ZIP)/Data Set_2013.A6.006.13A.zip
2013.A6.007.13A,Improving Safety Communication of Ethnic Minorities in the Construction Industry,Prof Albert P. C. CHAN,The Hong Kong Polytechnic University,Completed,Research Report,https://www.cepu.gov.hk/doc/en/research_report(PDF)/2013_A6_007_13A_Final_Report_Prof_Chan.pdf,2013-14 (First Round),18,488750,Livelihood Issues,https://www.cepu.gov.hk/doc/en/research_report(ZIP)/Dataset_2013.A6.007.13A.zip
2013.A6.010.13A,Study on the Development Potential and Energy Incentives of Rooftop Solar Photovoltaic Applications in Hong Kong,Dr LU Lin,The Hong Kong Polytechnic University,Completed,Research Report,https://www.cepu.gov.hk/doc/en/research_report(PDF)/2013_A6_010_13A_Final_Report_Dr_Lu.pdf,2013-14 (First Round),16,424120,Environmental Protection,https://www.cepu.gov.hk/doc/en/research_report(ZIP)/Data Set_2013.A6.010.13A.zip
2013.A6.012.13A,Can We Get Rid of Smoggy Days in Hong Kong: Formation Mechanism and Control Strategies?,Dr GUO Hai,The Hong Kong Polytechnic University,Completed,Research Report,https://www.cepu.gov.hk/doc/en/research_report(PDF)/2013_A6_012_13A_Final_Report_Dr_Guo.pdf,2013-14 (First Round),15,662969.3,Environmental Protection,https://www.cepu.gov.hk/doc/en/research_report(ZIP)/Data Set_2013.A6.012.13A.zip
2013.A6.013.13A,Development of a Policy for Optimizing the Use of Inert Solid Wastes in Road Pavement Construction,Dr WANG Yuhong,The Hong Kong Polytechnic University,Completed,Research Report,https://www.cepu.gov.hk/doc/en/research_report(PDF)/2013_A6_013_13A_Final_Report_Dr_Wang.pdf,2013-14 (First Round),21,373635,Environmental Protection,https://www.cepu.gov.hk/doc/en/research_report(ZIP)/Data Set_2013.A6.013.13A.zip
2013.A6.022.13A,"Is the Polluter Paying? Assessing the Application of the ""Polluter Pays"" Principle to Ship-Source Pollution in Hong Kong",Dr ZHU Ling,The Hong Kong Polytechnic University,Completed,Research Report,https://www.cepu.gov.hk/doc/en/research_report(PDF)/2013_A6_022_13A_Final_Report_Dr_Zhu.pdf,2013-14 (First Round),12,258750,Environmental Protection,https://www.cepu.gov.hk/doc/en/research_report(ZIP)/Data Set_2013.A6.022.13A.zip
2013.A6.024.13A,A Remote Sensing Study of Solar Energy Supply in Cloud-prone Areas of Hong Kong,Dr WONG Man Sing,The Hong Kong Polytechnic University,Completed,Research Report,https://www.cepu.gov.hk/doc/en/research_report(PDF)/2013_A6_024_13A_Final_Report_Dr_Wong.pdf,2013-14 (First Round),16,359869.5,Others,https://www.cepu.gov.hk/doc/en/research_report(ZIP)/Data Set_2013.A6.024.13A.zip
2013.A6.025.13A,Green Information Technology Adoption in Hong Kong: An Empirical Analysis and Policy Implications for Sustainable Development,Prof Eric W. T. NGAI,The Hong Kong Polytechnic University,Completed,Research Report,https://www.cepu.gov.hk/doc/en/research_report(PDF)/2013_A6_025_13A_Final_Report_Prof_Ngai.pdf,2013-14 (First Round),20,329906.3,Environmental Protection,https://www.cepu.gov.hk/doc/en/research_report(ZIP)/Data Set_2013.A6.025.13A.zip
2013.A6.029.13A,Towards Sustainability: Exploring the Social and Economic Dimensions of Travel to Hong Kong by Mainland Chinese,Prof QIU Hanqin,The Hong Kong Polytechnic University,Completed,Research Report,https://www.cepu.gov.hk/doc/en/research_report(PDF)/2013_A6_029_13A_Final_Report_Prof_Qiu.pdf,2013-14 (First Round),18,428490,Economic Development,https://www.cepu.gov.hk/doc/en/research_report(ZIP)/Data Set_2013.A6.029.13A.zip
2013.A6.030.13A,"Shaping Tourism Development: Anticipating Changes and Impacts, and Managing Consequences and Conflicts","Dr TSE Sze Ming, Tony",The Hong Kong Polytechnic University,Completed,Research Report,https://www.cepu.gov.hk/doc/en/research_report(PDF)/2013_A6_030_13A_Final_Report_Dr_Tse.pdf,2013-14 (First Round),12,269100,Economic Development,https://www.cepu.gov.hk/doc/en/research_report(ZIP)/Data Set_2013.A6.030.13A.zip
2013.A7.001.13A,Developing an Integrated Construction Waste Management Policy Framework in Hong Kong,Prof ZHANG Xueqing,The Hong Kong University of Science and Technology,Completed,Research Report,https://www.cepu.gov.hk/doc/en/research_report(PDF)/2013_A7_001_13A_Final Report_Prof_Zhang.pdf,2013-14 (First Round),12,485415,Environmental Protection,https://www.cepu.gov.hk/doc/en/research_report(ZIP)/Data Set_2013.A7.001.13A.zip
2013.A8.004.13A,A Study of Aspiration of Fertility amongst Married Women in Hong Kong (Age 15-49),Prof Paul S. F. YIP,The University of Hong Kong,Completed,Research Report,https://www.cepu.gov.hk/doc/en/research_report(PDF)/2013_A8_004_13A_Final_Report_Prof_Yip.pdf,2013-14 (First Round),11,365700,Livelihood Issues,https://www.cepu.gov.hk/doc/en/research_report(ZIP)/Data Set_2013.A8.004.13A.zip
2013.A8.005.13A,A Study of the Movement of Type A and B Babies in Hong Kong,Prof Paul S. F. YIP,The University of Hong Kong,Completed,Research Report,https://www.cepu.gov.hk/doc/en/research_report(PDF)/2013_A8_005_13A_Final_Report_Prof_Yip.pdf,2013-14 (First Round),8,308706,Livelihood Issues,
2013.C.002.13A,Age-friendly Housing Policies,"Prof LAU Sau Shing,
Patrick",Dashun Policy Research Centre,Completed,Research Report,https://www.cepu.gov.hk/doc/en/research_report(PDF)/2013_C_002_13A_Final_Report_Prof_Lau.pdf,2013-14 (First Round),10,579383,Land and Housing,https://www.cepu.gov.hk/doc/en/research_report(ZIP)/Data Set_2013.C.002.13A.zip
2013.A7.005.14A,Dynamics of Poverty in Hong Kong: A Supplementary Survey,Prof WU Xiaogang,The Hong Kong University of Science and Technology,Completed,Research Report,https://www.cepu.gov.hk/doc/en/research_report(PDF)/2013_A7_005_14A_Final_Report_Prof_Wu.pdf,2014-15 (First Round),12,423200,Livelihood Issues,https://www.cepu.gov.hk/doc/en/research_report(ZIP)/Data Set_2013.A7.005.14A.zip
2013.A8.006.14A,"Language Use, Proficiency and Attitudes in Hong Kong","Prof John
BACON SHONE",The University of Hong Kong,Completed,Research Report,https://www.cepu.gov.hk/doc/en/research_report(PDF)/2013_A8_006_14A_Final_Report_Prof_Bacon_Shone.pdf,2014-15 (First Round),15,714985,Livelihood Issues,https://www.cepu.gov.hk/doc/en/research_report(ZIP)/Dataset_2013.A8.006.14A.zip
2013.A8.009.14A,"Can Online Opinion Reflect Public Opinion? An Investigation into the Interplays between Online Opinion, Public Opinion, and Mass Media",Dr FU King Wa,The University of Hong Kong,Completed,Research Report,https://www.cepu.gov.hk/doc/en/research_report(PDF)/2013_A8_009_14A_Final_Report_Dr_Fu.pdf,2014-15 (First Round),30,556888,Political Development and Governance,
2013.A8.010.14A,Family Caregiving and Long-Term Care Decision of People with Dementia in Hong Kong,"Dr LUM Yat Sang, Terry",The University of Hong Kong,Completed,Research Report,https://www.cepu.gov.hk/doc/en/research_report(PDF)/2013_A8_010_14A_Final_Report_Dr_Lum.pdf,2014-15 (First Round),13,332426.7,Livelihood Issues,https://www.cepu.gov.hk/doc/en/research_report(ZIP)/Data Set_2013.A8.010.14A.zip
2013.C.003.14A,Assessment of the Impact and Opportunities of the HK-Zhuhai-Macao Bridge to HK in the New Economic Situation,Mr CHEUNG Wai Lam,One Country Two Systems Research Institute,Completed,Research Report (Chinese Version only),https://www.cepu.gov.hk/doc/en/research_report(PDF)/2013_C_003_14A_Final_Report_Mr_Cheung.pdf,2014-15 (First Round),9,588000,Economic Development,https://www.cepu.gov.hk/doc/en/research_report(ZIP)/Dataset_2013.C.003.14A.zip
2013.A6.032.14C,Enhancing Hong Kong’s Competitiveness as a Regional Cruise Hub from a Policy Perspective,"Prof HSU Hui Chun,
Cathy",The Hong Kong Polytechnic University,Completed,Research Report,https://www.cepu.gov.hk/doc/en/research_report(PDF)/2013_A6_032_14C_Final_Report_Prof_Hsu.pdf,2014-15 (Second Round),15,556600,Economic Development,https://www.cepu.gov.hk/doc/en/research_report(ZIP)/Dataset_2013.A6.032.14C.zip
2014.A7.007.14C,Hong Kong Immigrants in Shenzhen: Facts and Challenges,Prof WU Xiaogang,The Hong Kong University of Science and Technology,Completed,Research Report,https://www.cepu.gov.hk/doc/en/research_report(PDF)/2014_A7_007_14C_Final_Report_Prof_Wu.pdf,2014-15 (Second Round),12,229452.6,"Livelihood Issues, Economic Development, Application of Innovation and Technology",
2013.A8.012.14B,Industrial Land Use Changes in Response to Economic Restructuring in Hong Kong,"Mr LEUNG Cheuk Fai,
Jimmy",The University of Hong Kong,Completed,Research Report,https://www.cepu.gov.hk/doc/en/research_report(PDF)/2013_A8_012_14B_Final_Report_Mr_Leung.pdf,2014-15 (Second Round),15,704812,Land and Housing,
2013.A8.014.14C,Repeated Planning Applications by Developers under Statutory Zoning: A Hong Kong Case Study of Delays in Private Residential Development,"Prof LAI Wai Chung,
Lawrence",The University of Hong Kong,Completed,Research Report,https://www.cepu.gov.hk/doc/en/research_report(PDF)/2013_A8_014_14C_Final Report_Prof_Lai.pdf,2014-15 (Second Round),19,640366,Land and Housing,
2014.A8.016.14C,Developing Sustainable Hong Kong through Low Impact Development: from Science to Innovation Policy,"Dr CHUI Ting Fong, May",The University of Hong Kong,Completed,Research Report,https://www.cepu.gov.hk/doc/en/research_report(PDF)/2014_A8_016_14C_Final_Report_Dr_Chui.pdf,2014-15 (Second Round),15,455975,Environmental Protection,https://www.cepu.gov.hk/doc/en/research_report(ZIP)/Dataset_2014.A8.016.14C.zip
2014.C.006.14C,Enhancing Policy on Building Maintenance: Solving the Residential Seepage Problem,Ir Dr CHOI Yu Leuk,Hong Kong Academy of Engineering Sciences,Completed,Research Report,https://www.cepu.gov.hk/doc/en/research_report(PDF)/2014_C_006_14C_Final_Report_Ir_Dr_Choi.pdf,2014-15 (Second Round),12,737150,"Land and Housing, Livelihood Issues, Political Development and Governance, Economic Development",https://www.cepu.gov.hk/doc/en/research_report(ZIP)/Data Set_2014.C.006.14C.zip
2014.A1.004.14D,The Drafting Policy for Hong Kong's Bilingual Legislation: A Communicative Approach,"Dr CHAN Ho Yan, Clara",City University of Hong Kong,Completed,Research Report,https://www.cepu.gov.hk/doc/en/research_report(PDF)/2014_A1_004_14D_Final_Report_Dr_Chan.pdf,2014-15 (Third Round),15,318036.6,Others,
2014.A5.003.14D,Poverty of Ethnic Minority Children in Hong Kong,"Dr CHEUNG Chi Kin,
Kelvin",The Hong Kong Institute of Education*,Completed,Research Report,https://www.cepu.gov.hk/doc/en/research_report(PDF)/2014_A5_003_14D_Final_Report_Dr_Cheung.pdf,2014-15 (Third Round),12,322414,Livelihood Issues,
2014.A1.008.14E,Investigating the Possibility of Incorporating The Effect of Photovoltaic Panel and Photovoltaic Glazing Systems in the OTTV (Overall Thermal Transfer Value) Calculation in Hong Kong,Dr CHAN Lok Shun,City University of Hong Kong,Completed,Research Report,https://www.cepu.gov.hk/doc/en/research_report(PDF)/2014_A1_008_14E_Final_Report_Dr_Chan.pdf,2014-15 (Fourth Round),9,157895,Environmental Protection,https://www.cepu.gov.hk/doc/en/research_report(ZIP)/Data Set_2014.A1.008.14E.zip
2014.A1.009.14E,Student Visa Holders in Rental Market: A Study of Mainland Students Housing Choice and Their Impact on Hong Kong's Housing Market,Dr CHANG Zheng,City University of Hong Kong,Completed,Research Report,https://www.cepu.gov.hk/doc/en/research_report(PDF)/2014_A1_009_14E_Final_Report_Dr_Chang.pdf,2014-15 (Fourth Round),15,294883,Land and Housing,
2014.A1.010.14E,"Performance Information Use: Experiments on Performance Dimensions, Communication and Data Sources in Education and Solid Waste Recycling","Prof Richard
Mark WALKER",City University of Hong Kong,Completed,Research Report,https://www.cepu.gov.hk/doc/en/research_report(PDF)/2014_A1_010_14E_Final_Report_Prof_Walker.pdf,2014-15 (Fourth Round),15,597264,"Political Development and Governance, Application of Innovation and Technology, Environmental Protection",https://www.cepu.gov.hk/doc/en/research_report(ZIP)/Data Set_2014.A1.010.14E.zip
2014.A4.003.14E,"Vocational-oriented Education at Senior Secondary Level: Perceptions, Decision-making, and Life Planning","Prof CHIU Wing Kai,
Stephen",The Chinese University of Hong Kong,Completed,Research Report (Chinese Version only),https://www.cepu.gov.hk/doc/en/research_report(PDF)/2014_A4_003_14E_Final_Report_Prof_Chiu.pdf,2014-15 (Fourth Round),15,691210.95,"Youth Development, Livelihood Issues",https://www.cepu.gov.hk/doc/en/research_report(ZIP)/Data Set_2014.A4.003.14E.zip
2014.A5.005.14E,How to Increase the Demand for Annuity in Hong Kong: A Study of Middle-Aged Adults,Prof CHOU Kee Lee,The Hong Kong Institute of Education*,Completed,Research Report,https://www.cepu.gov.hk/doc/en/research_report(PDF)/2014_A5_005_14E_Final_Report_Prof_Chou.pdf,2014-15 (Fourth Round),15,767917.1,Livelihood Issues,https://www.cepu.gov.hk/doc/en/research_report(ZIP)/Data Set_2014.A5.005.14E.zip
2014.A6.038.14E,Feasibility Study of Implementing Indoor Air Quality Index in Hong Kong,"Ir Dr MUI Kwok Wai,
Horace",The Hong Kong Polytechnic University,Completed,Research Report,https://www.cepu.gov.hk/doc/en/research_report(PDF)/2014_A6_038_14E_Final_Report_Ir_Dr_Mui.pdf,2014-15 (Fourth Round),24,365700,Environmental Protection,
2014.A8.019.14E,"e-Learning in Formal, Informal and Open Learning Contexts: A Study of Global Trends, Policy Options and Their Implications for Sustainable Development in Hong Kong","Prof LAW LUK Wai Ying,
Nancy",The University of Hong Kong,Completed,Research Report,https://www.cepu.gov.hk/doc/en/research_report(PDF)/2014_A8_019_14E_Final_Report_Prof_Law.pdf,2014-15 (Fourth Round),14,885488.5,Application of Innovation and Technology,https://www.cepu.gov.hk/doc/en/research_report(ZIP)/Data Set_2014.A8.019.14E.zip
2014.A8.020.14E,"A Possible Zero Carbon Building Policy for Hong Kong: Opportunities, Risks and Recommendations",Dr PAN Wei,The University of Hong Kong,Completed,Research Report,https://www.cepu.gov.hk/doc/en/research_report(PDF)/2014_A8_020_14E_Final_Report_Dr_Pan.pdf,2014-15 (Fourth Round),15,408894,Environmental Protection,https://www.cepu.gov.hk/doc/en/research_report(ZIP)/Data Set_2014.A8.020.14E.zip
2014.A1.011.15A,How to Improve Participatory Mechanisms in The Processes of Urban Redevelopment: The Case of Kowloon East (Hong Kong),"Dr Miguel Angel
MARTINEZ LOPEZ",City University of Hong Kong,Completed,Research Report,https://www.cepu.gov.hk/doc/en/research_report(PDF)/2014_A1_011_15A_Final_Report_Dr_Martinez_Lopez.pdf,2015-16 (First Round),15,498251.3,Political Development and Governance,
2014.A1.012.15A,Making Policy for Child Care in Hong Kong,Dr LEUNG Lai Ching,City University of Hong Kong,Completed,Research Report,https://www.cepu.gov.hk/doc/en/research_report(PDF)/2014_A1_012_15A_Final_Report_Dr_Leung.pdf,2015-16 (First Round),15,476123,Livelihood Issues,https://www.cepu.gov.hk/doc/en/research_report(ZIP)/Data Set_2014.A1.012.15A.zip
2014.A2.003.15A,Shaping Arts Development and Education in Facilitating the Role of Hong Kong as a Cultural Hub of the Region,"Dr SIU Yee Man, Noel",Hong Kong Baptist University,Completed,Research Report,https://www.cepu.gov.hk/doc/en/research_report(PDF)/2014_A2_003_15A_Final_Report_Dr_Siu.pdf,2015-16 (First Round),12,332350,Economic Development,https://www.cepu.gov.hk/doc/en/research_report(ZIP)/Data Set_2014.A2.003.15A.zip
2014.A4.004.15A,Enforcing and Complying with Voluntary Agreements as an Alternative Environmental Policy Instrument,Prof XU Yuan,The Chinese University of Hong Kong,Completed,Research Report,https://www.cepu.gov.hk/doc/en/research_report(PDF)/2014_A4_004_15A_Final Report_Prof_Xu.pdf,2015-16 (First Round),6,195332,Environmental Protection,https://www.cepu.gov.hk/doc/en/research_report(ZIP)/Data Set_2014.A4.004.15A.zip
2014.A5.006.15A,A Panel Study of Media Effects on Hong Kong Youth's Political Participation,Dr CHAN Lih Shing,The Hong Kong Institute of Education*,Completed,Research Report,https://www.cepu.gov.hk/doc/en/research_report(PDF)/2014_A5_006_15A_Final Report_Dr Chan.pdf,2015-16 (First Round),25,667175.95,Political Development and Governance,https://www.cepu.gov.hk/doc/en/research_report(ZIP)/Data Set_2014.A5.006.15A.zip
2014.A5.007.15A,Impact of Family Friendly Policies: A Panel Study in Hong Kong,Dr Lina VYAS,The Hong Kong Institute of Education*,Completed,Research Report,https://www.cepu.gov.hk/doc/en/research_report(PDF)/2014_A5_007_15A_Final_Report_Dr_Vyas.pdf,2015-16 (First Round),22.5,448945.05,Livelihood Issues,https://www.cepu.gov.hk/doc/en/research_report(ZIP)/Data Set_2014.A5.007.15A.zip
2014.A6.045.15A,Does Dual-class Share Structure Create Value for Shareholders in the Long Run? Evidence from an Empirical Study of Global Markets with Implications for Hong Kong Stock-listing Policies,Dr ZHANG Shaojun,The Hong Kong Polytechnic University,Completed,Research Report,https://www.cepu.gov.hk/doc/en/research_report(PDF)/2014.A6.045.15A_Final Report_Dr Zhang.pdf,2015-16 (First Round),27,898840,Economic Development,
2014.A6.048.15A,Civil and Criminal Liabilities for Ship-source Pollution in Hong Kong: Taking Stock of the Present and Seeing the Way Forward,Dr ZHU Ling,The Hong Kong Polytechnic University,Completed,Research Report,https://www.cepu.gov.hk/doc/en/research_report(PDF)/2014_A6_048_15A_Final_Report_Dr_Zhu.pdf,2015-16 (First Round),15,278530,Environmental Protection,https://www.cepu.gov.hk/doc/en/research_report(ZIP)/Data Set_2014.A6.048.15A.zip
2014.B12.001.15A,Preventing Marginalization in Air Passenger and Freight Businesses - a Global Network Decision Support System,Dr WONG Wai Hung,Hang Seng Management College**,Completed,Research Report,https://www.cepu.gov.hk/doc/en/research_report(PDF)/2014_B12_001_15A_Final_Report_Dr_Wong.pdf,2015-16 (First Round),25,654500,Economic Development,https://www.cepu.gov.hk/doc/en/research_report(ZIP)/Data Set_2014.B12.001.15A.zip
2014.A1.019.15B,Exploration and Evaluation of Policy Options for Tackling the Illegal Subdivided Unit Problem in Hong Kong,Dr YAU Yung Simon,City University of Hong Kong,Completed,Research Report,https://www.cepu.gov.hk/doc/en/research_report(PDF)/2014_A1_019_15B_Final_Report_Dr_Yau.pdf,2015-16 (Second Round),15,212175,Land and Housing,
2014.A1.020.15B,Sustainability and Social Mobility in Professional Services: A Case Study of Accounting Profession in Hong Kong,"Prof LI Chelan, Linda",City University of Hong Kong,Completed,Research Report,https://www.cepu.gov.hk/doc/en/research_report(PDF)/2014_A1_020_15B_Final_Report_Prof_Li.pdf,2015-16 (Second Round),15,548775.4,Others,
2014.A5.010.15B,Towards a Refugee Policy for an Inclusive Hong Kong: Enhancing the Status of China's International City,"Prof Kerry
John KENNEDY",The Hong Kong Institute of Education*,Completed,Research Report,https://www.cepu.gov.hk/doc/en/research_report(PDF)/2014_A5_010_15B_Final_Report_Prof_Kennedy.pdf,2015-16 (Second Round),13,652303,"Livelihood Issues,  Political Development and Governance",https://www.cepu.gov.hk/doc/en/research_report(ZIP)/Data Set_2014.A5.010.15B.zip
2014.A6.053.15B,Evaluation of Green Practices for Grocery Retailers in Hong Kong and the Policy Implications for Sustainable Development,"Dr LAI Kee Hung, Mike",The Hong Kong Polytechnic University,Completed,Research Report,https://www.cepu.gov.hk/doc/en/research_report(PDF)/2014_A6_053_15B_Final_Report_Dr_Lai.pdf,2015-16 (Second Round),12,294400,Application of Innovation and Technology,https://www.cepu.gov.hk/doc/en/research_report(ZIP)/Data Set_2014.A6.053.15B.zip
2014.A6.054.15B,The Effect of Isomorphic Pressure for BIM in Hong Kong Construction Industry,Prof LI Heng,The Hong Kong Polytechnic University,Completed,Research Report,https://www.cepu.gov.hk/doc/en/research_report(PDF)/2014_A6_054_15B_Final Report_Prof Li.pdf,2015-16 (Second Round),15,470695,Economic Development,
2014.A8.025.15B,Public Transport Policy Measures to Improve the Mobility of the Elderly in Hong Kong,Dr SZETO Wai Yuen,The University of Hong Kong,Completed,Research Report,https://www.cepu.gov.hk/doc/en/research_report(PDF)/2014_A8_025_15B_Final_Report_Dr_Szeto.pdf,2015-16 (Second Round),15,526700,Livelihood Issues,
2014.A8.027.15B,Birds of a Feather: Cross-group Interaction between Mainland and Local University Students in Hong Kong,Dr TIAN Xiaoli,The University of Hong Kong,Completed,Research Report,https://www.cepu.gov.hk/doc/en/research_report(PDF)/2014_A8_027_15B_Final_Report_Dr_Tian.pdf,2015-16 (Second Round),15,242236,Livelihood Issues,
2015.A1.023.15C,Discontinuing Youth's Violent Involvements with Social Capital Development,"Dr CHEUNG Chau Kiu,
Jacky",City University of Hong Kong,Completed,Research Report,https://www.cepu.gov.hk/doc/en/research_report(PDF)/2015_A1_023_15C_Final_Report_Dr_Cheung.pdf,2015-16 (Third Round),12,817420,Youth Development,
2015.A2.006.15C,An Exploration of School Fieldtrip to Mainland in Hong Kong Secondary Schools: Students' Self-Authoring Civic Identity,"Dr LAU Chui Shan, Tracy",Hong Kong Baptist University,Completed,Research Report,https://www.cepu.gov.hk/doc/en/research_report(PDF)/2015_A2_006_15C_Final_Report_Dr_Lau.pdf,2015-16 (Third Round),20,630766,Youth Development,https://www.cepu.gov.hk/doc/en/research_report(ZIP)/Data Set_2015.A2.006.15C.zip
2015.A4.008.15C,Designing a Sustainable Public-Private-Partnership Program to Enhance Diabetes Care and Evaluating Its Impact Using an Outcomes Simulation Model,"Prof CHAN Chung, Ngor
Juliana",The Chinese University of Hong Kong,Completed,Research Report,https://www.cepu.gov.hk/doc/en/research_report(PDF)/2015_A4_008_15C_Final_Report_Prof_Chan.pdf,2015-16 (Third Round),15,552000,Livelihood Issues,
2015.A4.010.15C,Immigrant Entrepreneurship among Mainland Chinese University Graduates in Hong Kong: An Empirical Study with Multiple Perspectives,"Prof AU Yuk Fai, Kevin",The Chinese University of Hong Kong,Completed,Research Report,https://www.cepu.gov.hk/doc/en/research_report(PDF)/2015_A4_010_15C_Final_Report_Prof_Au.pdf,2015-16 (Third Round),11,722455,"Economic Development, Youth Development",https://www.cepu.gov.hk/doc/en/research_report(ZIP)/Data Set_2015.A4.010.15C.zip
2015.A4.011.15C,"Impact of Social Mobility on the Political Attitudes and Behaviours of Young People: A Comparative Study of Hong Kong, Taiwan, and Macao","Dr ZHENG Wan Tai,
Victor",The Chinese University of Hong Kong,Completed,Research Report,https://www.cepu.gov.hk/doc/en/research_report(PDF)/2015_A4_011_15C_Final_Report_Dr_Zheng.pdf,2015-16 (Third Round),14,1636653,"Livelihood Issues, Political Development and Governance",
2015.A8.029.15C,A Sustainable Tourism and Mobility Framework for Assessing the Effects of the Individual Visit Scheme on the Public Transportation System in Hong Kong,Prof WONG Sze Chun,The University of Hong Kong,Completed,Research Report,https://www.cepu.gov.hk/doc/en/research_report(PDF)/2015_A8_029_15C_Final Report_Prof Wong.pdf,2015-16 (Third Round),15,690000,Economic Development,https://www.cepu.gov.hk/doc/en/research_report(ZIP)/Data Set_2015.A8.029.15C.zip
2015.A1.026.15D,"Tenant Purchase, Assisted Home Ownership and Social and Residential Mobility",Prof Ray FORREST,City University of Hong Kong,Completed,Research Report,https://www.cepu.gov.hk/doc/en/research_report(PDF)/2015_A1_026_15D_Final_Report_Prof_Forrest.pdf,2015-16 (Fourth Round),15,657296,Land and Housing,https://www.cepu.gov.hk/doc/en/research_report(ZIP)/Data Set_2015.A1.026.15D.zip
2015.A6.058.15D,Electrification of Single-Deck Bus and Minibus in Hong Kong,Dr HUNG Wing Tat,The Hong Kong Polytechnic University,Completed,Research Report,https://www.cepu.gov.hk/doc/en/research_report(PDF)/2015_A6_058_15D_Final_Report_Dr_Hung.pdf,2015-16 (Fourth Round),12,700000,"Economic Development, Environmental Protection",
2015.A6.061.15D,Toward a Better Understanding of the Chinese Mindset in Cruise Tourism Development: A Conjoint Analysis of Chinese Travelers' Preferences for Cruising Attributes,Dr HUNG Kam,The Hong Kong Polytechnic University,Completed,Research Report,https://www.cepu.gov.hk/doc/en/research_report(PDF)/2015_A6_061_15D_Final_Report_Dr_Hung.pdf,2015-16 (Fourth Round),21,463025,Economic Development,https://www.cepu.gov.hk/doc/en/research_report(ZIP)/Data Set_2015.A6.061.15D.zip
2015.A7.009.15D,Carbon Trading in International Climate Cooperation and Its Implications to Hong Kong,Prof WANG Susheng,The Hong Kong University of Science and Technology,Completed,Research Report,https://www.cepu.gov.hk/doc/en/research_report(PDF)/2015.A7.009.15D_Final Report_Prof Wang.pdf,2015-16 (Fourth Round),27,195500,Environmental Protection,
2015.C.008.15D,The First Baseline Study of the General Public's Awareness and Attitudes Towards Biodiversity Conservation in Hong Kong,"Mr NG Ka Wing, Simon",Civic Exchange,Completed,Research Report,https://www.cepu.gov.hk/doc/en/research_report(PDF)/2015_C.008_15D_Final Report_Mr Ng.pdf,2015-16 (Fourth Round),12,838120,Environmental Protection,https://www.cepu.gov.hk/doc/en/research_report(ZIP)/Data Set_2015.C.008.15D.zip
2015.A1.029.16A,An Experimental Study of National Identity Among Hong Kong Youth,"Dr YE Shengquan, Sam",City University of Hong Kong,Completed,Research Report,https://www.cepu.gov.hk/doc/en/research_report(PDF)/2015.A1.029.16A_Final Report_Dr Ye.pdf,2016-17 (First Round),15,415150,Youth Development,https://www.cepu.gov.hk/doc/en/research_report(ZIP)/Data Set_2015.A1.029.16A.zip
2015.A1.030.16A,A Pan-Asian Field Study of Corporate Awareness to Information Security and Preparedness Against Cybercrimes,"Dr LEUNG Chung Man,
Alvin",City University of Hong Kong,Completed,Research Report,https://www.cepu.gov.hk/doc/en/research_report(PDF)/2015_A1_030_16A_Final_Report_Dr_Leung.pdf,2016-17 (First Round),15,655500,Application of Innovation and Technology,https://www.cepu.gov.hk/doc/en/research_report(ZIP)/Data Set_2015.A1.030.16A.zip
2015.A1.031.16A,The 'Citizen Satisfaction Assessment Tool': Applying Expectancy Disconfirmation Theory to Public Services in Hong Kong,"Prof Richard
Mark WALKER",City University of Hong Kong,Completed,Research Report,https://www.cepu.gov.hk/doc/en/research_report(PDF)/2015_A1_031_16A_Final_Report_Prof_Walker.pdf,2016-17 (First Round),17,961400,"Political Development and Governance, Livelihood Issues, Environmental Protection, Others",https://www.cepu.gov.hk/doc/en/research_report(ZIP)/Data Set_2015.A1.031.16A.zip
2015.A3.006.16A,"Hong Kong Non-Governmental Welfare Organisations in Mainland China: Services, Challenges and Opportunities","Prof MOK Ka Ho, Joshua",Lingnan University,Completed,Research Report,https://www.cepu.gov.hk/doc/en/research_report(PDF)/2015.A3.006.16A_Final Report_Prof Mok.pdf,2016-17 (First Round),21,930460,Livelihood Issues,https://www.cepu.gov.hk/doc/en/research_report(ZIP)/Data Set_2015.A3.006.16A.zip
2015.A4.012.16A,Impacts of Implementing 'Low-income Working Family Allowance' (LIFA) on Labour Market Situation and Quality of Life of Low Income Working Families in Hong Kong,Prof WONG Hung,The Chinese University of Hong Kong,Completed,Research Report (Chinese Version only),https://www.cepu.gov.hk/doc/en/research_report(PDF)/2015_A4_012_16A_Final_Report_Prof_Wong.pdf,2016-17 (First Round),16,999299,Livelihood Issues,https://www.cepu.gov.hk/doc/en/research_report(ZIP)/Data Set_2015.A4.012.16A.zip
2015.A4.016.16A,Attitudes and Levels of Support Toward Same-Sex Civil Union and Same-Sex Marriage Legislation among the General Public and Homosexual People in Hong Kong - A Comparative Study,"Prof LAU Tak Fai, Joseph",The Chinese University of Hong Kong,Completed,Research Report,https://www.cepu.gov.hk/doc/en/research_report(PDF)/2015_A4_016_16A_Final Report_Prof Lau.pdf,2016-17 (First Round),18,981966,Others,
2015.A5.017.16A,"Hong Kong Youths' National Identity: Impacts of Mainland Exchange Programmes, Study Tours and Volunteer Activities","Dr SZETO Sing Ying, Elson",The Hong Kong Institute of Education*,Completed,Research Report,https://www.cepu.gov.hk/doc/en/research_report(PDF)/2015.A5.017.16A_Final Report_Dr Szeto.pdf,2016-17 (First Round),15,403880,Youth Development,https://www.cepu.gov.hk/doc/en/research_report(ZIP)/Data Set_2015.A5.017.16A.zip
2015.A6.063.16A,Developing A Globalised Industry under the Context of Territorial Policy - The Development of Aviation MRO Industry in Singapore and Hong Kong,"Dr CHAN Man Hung,
Thomas",The Hong Kong Polytechnic University,Completed,Research Report,https://www.cepu.gov.hk/doc/en/research_report(PDF)/2015_A6_063_16A_Final_Report_Dr_Chan.pdf,2016-17 (First Round),10,611225,Economic Development,
2015.A8.030.16A.A6,"Association Among Father Involvement in Pregnancy and Childbirth, Pregnancy Violence and Health Outcomes: Does It Help Promote Good Health Among Newborns, Mothers, and Fathers?","Prof CHAN Ko Ling,
Edward",The Hong Kong Polytechnic University,Completed,Research Report,https://www.cepu.gov.hk/doc/en/research_report(PDF)/2015_A8_030_16A_A6_Final_Report_Prof_Chan.pdf,2016-17 (First Round),12,649035,Livelihood Issues,https://www.cepu.gov.hk/doc/en/research_report(ZIP)/Data Set_2015.A8.030.16A.A6.zip
2015.A8.031.16A,Financial Impacts of Family Caregiving: An Investigation of the Moderating Effects of Workplace Accommodative Measures and Domestic Helpers,"Dr LOU Weiqun, Vivian",The University of Hong Kong,Completed,Research Report,https://www.cepu.gov.hk/doc/en/research_report(PDF)/2015_A8_031_16A_Final_Report_Dr_Lou.pdf,2016-17 (First Round),15,559632,Livelihood Issues,https://www.cepu.gov.hk/doc/en/research_report(ZIP)/Data Set_2015.A8.031.16A.zip
2015.A8.035.16A,"Creative Industries in Flux: A Critical Investigation into the Challenges, Agency and Potential of Cultural and Creative Workers in Hong Kong","Dr TSE Ho Lun, Tommy",The University of Hong Kong,Completed,Research Report,https://www.cepu.gov.hk/doc/en/research_report(PDF)/2015.A8.035.16A_Final Report_Dr Tse.pdf,2016-17 (First Round),18,500000,"Livelihood Issues, Economic Development",
2015.A8.036.16A,Hongkong-Shenzhen-Guangzhou as a Multi-gateway Trading City-region for Cross-border e-retailing: A Geographical Analysis,"Dr WANG Jixian, James",The University of Hong Kong,Completed,Research Report,https://www.cepu.gov.hk/doc/en/research_report(PDF)/2015_A8_036_16A_Final_Report_Dr_Wang.pdf,2016-17 (First Round),12,605337,Economic Development,https://www.cepu.gov.hk/doc/en/research_report(ZIP)/Data Set_2015.A8.036.16A.zip
2015.B16.001.16A,Feasibility Study of Old Age Pension Scheme in Hong Kong: An Employee's Perspective,"Dr KWONG Che Leung,
Charles",The Open University of Hong Kong***,Completed,Research Report,https://www.cepu.gov.hk/doc/en/research_report(PDF)/2015_B16_001_16A_Final_Report_Dr_Kwong.pdf,2016-17 (First Round),9,345028,Livelihood Issues,https://www.cepu.gov.hk/doc/en/research_report(ZIP)/Data Set_2015.B16.001.16A.zip
2015.A4.017.16B,Achieving Sustainable Urban Park Management in Hong Kong through the Development of Indicators,"Prof CHAN Chung Shing,
Johnson",The Chinese University of Hong Kong,Completed,Research Report,https://www.cepu.gov.hk/doc/en/research_report(PDF)/2015_A4_017_16B_Final_Report_Prof_Chan.pdf,2016-17 (Second Round),15,340786,Environmental Protection,https://www.cepu.gov.hk/doc/en/research_report(ZIP)/Data Set_2015.A4.017.16B.zip
2015.A5.019.16B,Youth Radicalism in Hong Kong: Exploring Changes in Adolescents' Civic Consciousness and Attitudes to the Nation,"Prof Kerry
John KENNEDY",The Education University of Hong Kong,Completed,Research Report,https://www.cepu.gov.hk/doc/en/research_report(PDF)/2015_A5_019_16B_Final_Report_Prof_Kennedy.pdf,2016-17 (Second Round),10.5,569905,"Political Development and Governance, Youth Development",
2015.A6.066.16B,Exploring the Effects of AIRBNB on the Hong Kong Tourism Industry,"Dr LIN Ming Chu, Pearl",The Hong Kong Polytechnic University,Completed,Research Report,https://www.cepu.gov.hk/doc/en/research_report(PDF)/2015_A6_066_16B_Final_Report_Dr_Lin.pdf,2016-17 (Second Round),15,256818,Economic Development,
2015.A8.038.16B,Performance of the Self-assessment Practice of Service Performance Monitoring System,Dr WANG Xiaolu,The University of Hong Kong,Completed,Research Report,https://www.cepu.gov.hk/doc/en/research_report(PDF)/2015.A8.038.16B_Final Report_Dr Wang.pdf,2016-17 (Second Round),12,561547,Political Development and Governance,
2015.A8.043.16B,A Study on Population Dynamics in One Belt One Road: Opportunities and Challenges,"Prof YIP Siu Fai, Paul",The University of Hong Kong,Completed,Research Report,https://www.cepu.gov.hk/doc/en/research_report(PDF)/2015_A8_043_16B_Final Report_Prof Yip.pdf,2016-17 (Second Round),12,617298,Economic Development,
2015.A4.020.16C.A2,"World Values Survey 2017: Generating Data for Trust Maintenance, Repair, and Better Governance in Post-Occupy Hong Kong","Dr CHENG Wai, Edmund",Hong Kong Baptist University,Completed,Research Report,https://www.cepu.gov.hk/doc/en/research_report(PDF)/2015.A4.020.16C.A2_Final Report_Dr Cheng.pdf,2016-17 (Third Round),18,1025243,Political Development and Governance,https://www.cepu.gov.hk/doc/en/research_report(ZIP)/Data Set_2015.A4.020.16C.A2.zip
2016.A4.022.16C,A Study on the Development of Palliative and End-of-Life Care Services in Hong Kong,"Prof CHAN Yue Lai, Helen",The Chinese University of Hong Kong,Completed,Research Report,https://www.cepu.gov.hk/doc/en/research_report(PDF)/2016_A4_022_16C_Final_Report_Prof_Chan.pdf,2016-17 (Third Round),12,480801,Livelihood Issues,
2016.A5.023.16C,Promotion of Volunteerism among Hong Kong Retirees: An Intervention Study,Prof CHOU Kee Lee,The Education University of Hong Kong,Completed,Research Report,https://www.cepu.gov.hk/doc/en/research_report(PDF)/2016.A5.023.16C_Final Report_Prof Chou.pdf,2016-17 (Third Round),18,712307,Livelihood Issues,
2016.A6.071.16C,An Empirical Study of the Town Planning Board's Planning Control Decisions on Residential Development Applicants since Hong Kong's Handover to China,"Prof HUI Chi Man, Eddie",The Hong Kong Polytechnic University,Completed,Research Report,https://www.cepu.gov.hk/doc/en/research_report(PDF)/2016_A6_071_16C_Final Report_Prof Hui.pdf,2016-17 (Third Round),15,369909,Land and Housing,
2016.A7.011.16C,Energy Behavior Patterns in Hong Kong: The Role of Bounded Rationality and Peer Pressure in Air Conditioner Use,"Prof FUNG Chi Hung,
Jimmy",The Hong Kong University of Science and Technology,Completed,Research Report,https://www.cepu.gov.hk/doc/en/research_report(PDF)/2016_A7_011_16C_Final Report_Prof Fung.pdf,2016-17 (Third Round),14,568445,Others,https://www.cepu.gov.hk/doc/en/research_report(ZIP)/Data Set_2016.A7.011.16C.zip
2016.A1.038.16D,Developing Appropriate Typical Weather Data for Applications in Building Related Codes of Practices and Design Guidelines in Hong Kong,"Dr CHAN Lok Shun, Apple",City University of Hong Kong,Completed,Research Report,https://www.cepu.gov.hk/doc/en/research_report(PDF)/2016_A1_038_16D_Final Report_Dr Chan.pdf,2016-17 (Fourth Round),12,314928,Environmental Protection,https://www.cepu.gov.hk/doc/en/research_report(ZIP)/Data Set_2016.A1.038.16D.zip
2016.A1.045.16D,The Development of a New Media Expertise in the Creative Economy of Hong Kong,Dr Damien CHARRIERAS,City University of Hong Kong,Completed,Research Report,https://www.cepu.gov.hk/doc/en/research_report(PDF)/2016.A1.045.16D_Final Report_Dr Charrieras.pdf,2016-17 (Fourth Round),15,550620,Economic Development,https://www.cepu.gov.hk/doc/en/research_report(ZIP)/Data Set_2016.A1.045.16D.zip
2016.A3.008.16D,Deriving Public Policy for Hong Kong as an Infrastructure Financing Hub and Super-connector in Project Finance: The Belt and Road Initiative,"Dr POON Pui Han, Winnie",Lingnan University,Completed,Research Report,https://www.cepu.gov.hk/doc/en/research_report(PDF)/2016.A3.008.16D_Final Report_Dr Poon.pdf,2016-17 (Fourth Round),21,691783,Economic Development,
2016.A4.029.16D,Knowledge and Perceptions towards Gender-Based Violence of Minority Girls in Hong Kong,"Prof Raees
Begum BAIG",The Chinese University of Hong Kong,Completed,Research Report,https://www.cepu.gov.hk/doc/en/research_report(PDF)/2016.A4.029.16D_Final Report_Prof Baig.pdf,2016-17 (Fourth Round),6,200000,Livelihood Issues,
2016.A8.049.16D,The Experience of Stigma in Patients with Mental Disorders: Are There Improvements in the Past 15 Years?,Dr CHUNG Ka Fai,The University of Hong Kong,Completed,Research Report,https://www.cepu.gov.hk/doc/en/research_report(PDF)/2016.A8.049.16D_Final Report_Dr Chung.pdf,2016-17 (Fourth Round),15,346293,Livelihood Issues,https://www.cepu.gov.hk/doc/en/research_report(ZIP)/Data Set_2016.A8.049.16D.zip
2016.A8.051.16D,A Survey Experiment on Discontent Among the Youth: Welfare or Politics?,"Dr WONG Yee Hang,
Mathew",The University of Hong Kong,Completed,Research Report,https://www.cepu.gov.hk/doc/en/research_report(PDF)/2016.A8.051.16D_Final Report_Dr Wong.pdf,2016-17 (Fourth Round),12,220368,"Political Development and Governance, Youth Development",https://www.cepu.gov.hk/doc/en/research_report(ZIP)/Data Set_2016.A8.051.16D.zip
2016.A2.014.17A,Investigating Hong Kong Students' Critical News Literacy in the Age of Social Media,"Dr KU Yee Lai, Kelly",Hong Kong Baptist University,Completed,Research Report,https://www.cepu.gov.hk/doc/en/research_report(PDF)/2016.A2.014.17A_Final Report_Dr Ku.pdf,2017-18 (First Round),12,492982,Application of Innovation and Technology,https://www.cepu.gov.hk/doc/en/research_report(ZIP)/Data Set_2016.A2.014.17A.zip
2016.A2.016.17A,"Differential In-migration, Housing Access and Spatial Segregation: Hong Kong since 1997",Prof LI Si Ming,Hong Kong Baptist University,Completed,Research Report,https://www.cepu.gov.hk/doc/en/research_report(PDF)/2016.A2.016.17A_Final Report_Prof Li.pdf,2017-18 (First Round),21,825125,"Land and Housing, Livelihood Issues",
2016.A3.009.17A,Construction of Mainland China - Hong Kong Economic Integration Index and Its Application to Facilitate Public Policy Research in Hong Kong,Prof CUI Geng,Lingnan University,Completed,Research Report,https://www.cepu.gov.hk/doc/en/research_report(PDF)/2016.A3.009.17A_Final Report_Prof Cui.pdf,2017-18 (First Round),12,494960,Economic Development,
2016.A4.032.17A,Maintaining Hong Kong Aviation-hub Position Under the ASEAN - China Air Transport Agreement (ATA),"Dr YUEN Chi Lok, Andrew",The Chinese University of Hong Kong,Completed,Research Report,https://www.cepu.gov.hk/doc/en/research_report(PDF)/2016.A4.032.17A_Final Report_Dr Yuen.pdf,2017-18 (First Round),21,481491,Economic Development,
2016.A5.025.17A,Life Course Effects on Marital Stability: Experience of Remarried Mainland Chinese Migrant Women in Hong Kong,"Dr TO Wai Chun, Clara",The Education University of Hong Kong,Completed,Research Report,https://www.cepu.gov.hk/doc/en/research_report(PDF)/2016.A5.025.17A_Final Report_Dr To.pdf,2017-18 (First Round),17,500000,Livelihood Issues,
2016.A6.075.17A,Facilitating the Diffusion of Building Information Modeling (BIM) in the Hong Kong Construction Industry: A Network Perspective,Prof LI Heng,The Hong Kong Polytechnic University,Completed,Research Report,https://www.cepu.gov.hk/doc/en/research_report(PDF)/2016.A6.075.17A_Final Report_Prof Li.pdf,2017-18 (First Round),18,716335,Economic Development,https://www.cepu.gov.hk/doc/en/research_report(ZIP)/Data Set_2016.A6.075.17A.zip
2016.A8.052.17A,"Exploring the Motivations, Incentive Designs, and Performance of Open Innovation in Hong Kong","Dr LIU Kang Huey, Helen",The University of Hong Kong,Completed,Research Report,https://www.cepu.gov.hk/doc/en/research_report(PDF)/2016.A8.052.17A_Final Report_Dr Liu.pdf,2017-18 (First Round),12,297032,Application of Innovation and Technology,
2016.A8.055.17A,"Associations between Emerging Political Ideology, Political Participation and Social Media Use: Making Sense of the Connections between ""Localism"", ""Populism"", and Post-materialism in Hong Kong",Dr FU King Wa,The University of Hong Kong,Completed,Research Report,https://www.cepu.gov.hk/doc/en/research_report(PDF)/2016.A8.055.17A_Final Report_Dr Fu.pdf,2017-18 (First Round),12,780234,Political Development and Governance,https://www.cepu.gov.hk/doc/en/research_report(ZIP)/Data Set_2016.A8.055.17A.zip
2016.B13.002.17A,From Ketamine to Ice: Neutralisation Techniques and Risk Perception of Adolescent Drug Abusers,Dr LI Hang,Hong Kong Shue Yan University,Completed,Research Report,https://www.cepu.gov.hk/doc/en/research_report(PDF)/2016.B13.002.17A_Final Report_Dr Li.pdf,2017-18 (First Round),12,422464,Youth Development,
2016.A1.051.17B,Enhancing the Environmental Effectiveness of Overall Thermal Transfer Value (OTTV) Regulation for Green Building Design in Hong Kong,"Dr CHAN Lok Shun, Apple",City University of Hong Kong,Completed,Research Report,https://www.cepu.gov.hk/doc/en/research_report(PDF)/2016.A1.051.17B_Final Report_Dr Chan.pdf,2017-18 (Second Round),18,304750,Environmental Protection,https://www.cepu.gov.hk/doc/en/research_report(ZIP)/Data Set_2016.A1.051.17B.zip
2016.A4.035.17B,Out-of-home Activities and Social Exclusion among Hong Kong's Aging Population: A Study of the Elderly's Activity-travel Patterns and Its Implication on Well-being,"Prof HE Ying, Sylvia",The Chinese University of Hong Kong,Completed,Research Report,https://www.cepu.gov.hk/doc/en/research_report(PDF)/2016.A4.035.17B_Final Report_Prof He.pdf,2017-18 (Second Round),12,397853,Livelihood Issues,https://www.cepu.gov.hk/doc/en/research_report(ZIP)/Data set_2016.A4.035.17B.zip
2017.A1.058.17C,Demographic and Social Indicators of Youth Volunteering in Hong Kong,"Dr LIU Suk Ching, Elaine",City University of Hong Kong,Completed,Research Report,https://www.cepu.gov.hk/doc/en/research_report(PDF)/2017.A1.058.17C_Final Report_Dr Liu.pdf,2017-18 (Third Round),12,842950,Youth Development,
2017.A3.011.17C,Relationship between Poverty and Neurocognitive Skills,"Dr LAU Ka Wai, Maggie",Lingnan University,Completed,Research Report,https://www.cepu.gov.hk/doc/en/research_report(PDF)/2017.A3.011.17C_Final Report_Dr Lau.pdf,2017-18 (Third Round),33,700000,Livelihood Issues,
2017.A4.037.17C,"Promoting e-mobility in Hong Kong: Institutional and Spatial Contexts, Public Acceptance, and the Location Choice of Public EV Charging Facilities","Prof HE Ying, Sylvia",The Chinese University of Hong Kong,Completed,Research Report,https://www.cepu.gov.hk/doc/en/research_report(PDF)/2017.A4.037.17C_Final Report_Prof He.pdf,2017-18 (Third Round),26,530725,"Economic Development, Others",https://www.cepu.gov.hk/doc/en/research_report(ZIP)/Data Set_2017.A4.037.17C.zip
2017.A4.039.17C,"Investigating the Preference, Attitude and Perception of Frail Older People on Consumer-directed Long-term Care in Hong Kong",Prof YEOH Eng Kiong,The Chinese University of Hong Kong,Completed,Research Report,https://www.cepu.gov.hk/doc/en/research_report(PDF)/2017.A4.039.17C_Final Report_Prof Yeoh.pdf,2017-18 (Third Round),15,490907,Livelihood Issues,https://www.cepu.gov.hk/doc/en/research_report(ZIP)/Data Set_2017.A4.039.17C.zip
2017.A8.062.17C,"Opening Doors, Creating Pathways - A Qualitative Study of Social Harms and Service Access of Young People from Ethnic Minority Backgrounds in Hong Kong","Prof Karen A.
 Joe LAIDLER",The University of Hong Kong,Completed,Research Report,https://www.cepu.gov.hk/doc/en/research_report(PDF)/2017.A8.062.17C_Final Report_Prof Laidler.pdf,2017-18 (Third Round),20,400000,Livelihood Issues,
2017.A8.064.17C,Financial Inclusion and Bank Account Opening: Deploying Financial Technology and Regulatory Technology for Improving Banking Services Accessibility Inside Hong Kong’s Anti-Money Laundering Law,"Dr LEE Hsiang Hui, Emily",The University of Hong Kong,Completed,Research Report,https://www.cepu.gov.hk/doc/en/research_report(PDF)/2017.A8.064.17C_Final Report_Dr Lee.pdf,2017-18 (Third Round),25,295550,Economic Development,
2017.A4.040.17D,Tracking the Future: The Perception of Future and Aspirations of Hong Kong Youth,"Prof FUNG Ying Him,
Anthony",The Chinese University of Hong Kong,Completed,Research Report,https://www.cepu.gov.hk/doc/en/research_report(PDF)/2017.A4.040.17D_Final Report_Prof Fung.pdf,2017-18 (Fourth Round),12,345000,Youth Development,https://www.cepu.gov.hk/doc/en/research_report(ZIP)/Data Set_2017.A4.040.17D.zip
2017.A5.029.17D,Global Governance Hub: A New Dimension in Hong Kong's Global City Strategy?,Prof LUI Tai Lok,The Education University of Hong Kong,Completed,Research Report,https://www.cepu.gov.hk/doc/en/research_report(PDF)/2017.A5.029.17D_Final Report_Prof Lui.pdf,2017-18 (Fourth Round),22,957766,Political Development and Governance,
2017.A5.032.17D.A6,"Family Policies, Social Norms and Fertility Decisions: A Survey Experiment","Dr LUI Ching Wu, Lake",The Hong Kong Polytechnic University,Completed,Research Report,https://www.cepu.gov.hk/doc/en/research_report(PDF)/2017.A5.032.17D.A6_Final Report_Dr Lui.pdf,2017-18 (Fourth Round),18,764750,Livelihood Issues,https://www.cepu.gov.hk/doc/en/research_report(ZIP)/Data Set_2017.A5.032.17D.A6.zip
2017.A6.094.17D,Clear up Toxic Smog and Improve Air Quality in Hong Kong,Prof GUO Hai,The Hong Kong Polytechnic University,Completed,Research Report,https://www.cepu.gov.hk/doc/en/research_report(PDF)/2017.A6.094.17D_Final Report_Prof Guo.pdf,2017-18 (Fourth Round),18,498410,Environmental Protection,https://www.cepu.gov.hk/doc/en/research_report(ZIP)/Data Set_2017.A6.094.17D.zip
2017.A1.057.18A,Investigating the Feasibility of Mandatory Implementation of Life Cycle Assessment on Renewable Energy Systems for Green Building Design in Hong Kong,"Dr CHAN Lok Shun, Apple",City University of Hong Kong,Completed,Research Report,https://www.cepu.gov.hk/doc/en/research_report(PDF)/2017.A1.057.18A_Final Report_Dr Chan.pdf,2018-19 (First Round),12,320000,Environmental Protection,https://www.cepu.gov.hk/doc/en/research_report(ZIP)/Data Set_2017.A1.057.18A.zip
2017.A5.031.18A,Career and Life Planning for Hong Kong Youth Development: Challenges and Opportunities,"Dr SZETO Sing Ying, Elson",The Education University of Hong Kong,Completed,Research Report,https://www.cepu.gov.hk/doc/en/research_report(PDF)/2017.A5.031.18A_Final Report_Dr Szeto.pdf,2018-19 (First Round),15,499627,Youth Development,
2017.A6.091.18A,The Possibility of Reducing Illuminance Level by Using LED Lighting Products with High Colour Rendering Index for Energy Reduction in Green Buildings,Dr WEI Minchen,The Hong Kong Polytechnic University,Completed,Research Report,https://www.cepu.gov.hk/doc/en/research_report(PDF)/2017.A6.091.18A_Final Report_Dr Wei.pdf,2018-19 (First Round),12,306691,Environmental Protection,
2017.A6.098.18A,Employing People with Disabilities in the Hong Kong Hotel Industry: Perspectives of Employers,"Dr Mehmet Ali
KOSEOGLU",The Hong Kong Polytechnic University,Completed,Research Report,https://www.cepu.gov.hk/doc/en/research_report(PDF)/2017.A6.098.18A_Final Report_Dr Koseoglu.pdf,2018-19 (First Round),12,120175,Livelihood Issues,
2017.A6.100.18A,Examining Cross-national Destination Image of Hong Kong with Big Data Analytics and Social and Cultural Distance,Dr LEE Jinsoo,The Hong Kong Polytechnic University,Completed,Research Report,https://www.cepu.gov.hk/doc/en/research_report(PDF)/2017.A6.100.18A_Final Report_Dr Lee.pdf,2018-19 (First Round),18,320049,Economic Development,https://www.cepu.gov.hk/doc/en/Data Set_2017.A6.100.18A.zip
2017.A8.069.18A,Re-establishing Ferry’s Key Position in the Sustainable Transport System of Hong Kong,"Prof LOO Pui Ying,
Becky",The University of Hong Kong,Completed,Research Report,https://www.cepu.gov.hk/doc/en/research_report(PDF)/2017.A8.069.18A_Final Report_Prof Loo.pdf,2018-19 (First Round),21,810049,Others,
2017.A8.072.18A,Ambient Ozone Levels in Hong Kong: The Lower The Better?,Dr TIAN Linwe,The University of Hong Kong,Completed,Research Report,https://www.cepu.gov.hk/doc/en/research_report(PDF)/2017.A8.072.18A_Final Report_Dr Tian.pdf,2018-19 (First Round),12,500000,Environmental Protection,
2017.A2.027.18B,Engaging the Community to Develop a Model for Sustainable Energy Futures: A Case Study of Two Prospective Solar Communities in Hong Kong,"Dr MAH Ngar Yin, Daphne",Hong Kong Baptist University,Completed,Research Report,https://www.cepu.gov.hk/doc/en/research_report(PDF)/2017.A2.027.18B_Final Report_Dr Mah.pdf,2018-19 (Second Round),15,632500,"Political Development and Governance, Environmental Protection, Others",https://www.cepu.gov.hk/doc/en/Data Set_2017.A2.027.18B.zip
2017.A5.034.18B,How to Increase the Demand for Private Long-term Care Insurance in Hong Kong?,"Dr HE Jingwei, Alex",The Education University of Hong Kong,Completed,Research Report,https://www.cepu.gov.hk/doc/en/research_report(PDF)/2017.A5.034.18B_Final Report_Dr He.pdf,2018-19 (Second Round),24,1086951,Livelihood Issues,
2017.A6.102.18B,An Analytical Study on Preferences of the Elderly in Visiting Public Open Spaces,"Dr YUNG Hiu Kwan, Esther",The Hong Kong Polytechnic University,Completed,Research Report,https://www.cepu.gov.hk/doc/en/research_report(PDF)/2017.A6.102.18B_Final Report_Dr Yung.pdf,2018-19 (Second Round),15,380944,Livelihood Issues,https://www.cepu.gov.hk/doc/en/Data Set_2017.A2.027.18B.zip
2017.A6.104.18B,Made in China 2025: The Challenges and Opportunities of the Hong Kong Design Industry,"Dr LIU Xihui, Sylvia",The Hong Kong Polytechnic University,Completed,Research Report,https://www.cepu.gov.hk/doc/en/research_report(PDF)/2017.A6.104.18B_Final Report_Dr Liu.pdf,2018-19 (Second Round),12,501070,Economic Development,
2017.A6.107.18B,Simulating the Impact of Construction Industrialization Policies on Its Update in Hong Kong: A Socio-technical System Perspective,"Prof SHEN Qiping,
Geoffrey",The Hong Kong Polytechnic University,Completed,Research Report,https://www.cepu.gov.hk/doc/en/research_report(PDF)/2017.A6.107.18B_Final Report_Prof Shen.pdf,2018-19 (Second Round),24,625600,Economic Development,
2017.A8.075.18B,"Hong Kong Youths' Attitudes Towards Suicide, Copying Strategies and Online Help-seeking",Prof LAM Tai Pong,The University of Hong Kong,Completed,Research Report,https://www.cepu.gov.hk/doc/en/research_report(PDF)/2017.A8.075.18B_Final Report_Prof Lam.pdf,2018-19 (Second Round),18,880918,Youth Development,
2017.A8.076.18B,Defining Sonhood: The Exploration of Lived Experience of the Caregiving Sons in Their Late Adulthood in Hong Kong,"Dr LOU Weiqun, Vivian",The University of Hong Kong,Completed,Research Report,https://www.cepu.gov.hk/doc/en/research_report(PDF)/2017.A8.076.18B_Final Report_Dr Lou.pdf,2018-19 (Second Round),18,607582,Livelihood Issues,
2018.A5.041.18C,"Challenges and Opportunities with Hong Kong Students' Science, Technology, Engineering, and Mathematics Aspirations","Prof SO Wing Mui, Winnie",The Education University of Hong Kong,Completed,Research Report,https://www.cepu.gov.hk/doc/en/research_report(PDF)/2018.A5.041.18C_Final Report_Prof So.pdf,2018-19 (Third Round),15,784300,Youth Development,
2018.A6.110.18C,"An Investigation of the Price and Rental Effects of ""Green"" Buildings in Hong Kong's Housing Market and Its Implications for Policy","Prof HUI Chi Man, Eddie",The Hong Kong Polytechnic University,Completed,Research Report,https://www.cepu.gov.hk/doc/en/research_report(PDF)/2018.A6.110.18C_Final Report_Prof Hui.pdf,2018-19 (Third Round),15,422740,Environmental Protection,
2018.A6.111.18C,Strategies and Measures for Construction and Demolition Waste Management of Refurbishing/Renovating Existing Buildings in Hong Kong,"Dr YU Tit Wan, Ann",The Hong Kong Polytechnic University,Completed,Research Report,https://www.cepu.gov.hk/doc/en/research_report(PDF)/2018.A6.111.18C_Final Report_Dr Yu.pdf,2018-19 (Third Round),15,605015,Environmental Protection,
2018.A6.113.18C,"Impact of Short-term Study in Mainland China Programme on Hong Kong Local University Students' Intercultural Competence, Perception and Attitude about Mainland China, and National Identity",Dr YU Lu,The Hong Kong Polytechnic University,Completed,Research Report,https://www.cepu.gov.hk/doc/en/research_report(PDF)/2018.A6.113.18C_Final Report_Dr Yu.pdf,2018-19 (Third Round),21,594435,Youth Development,
2017.A8.073.18C,"Promoting Science, Technology, Engineering, and Mathematics Education in Hong Kong: Using Analytics-supported E-learning to Enhance Student Attitudes and Achievement in Science",Dr CHEN Gaowei,The University of Hong Kong,Completed,Research Report,https://www.cepu.gov.hk/doc/en/research_report(PDF)/2017.A8.073.18C_Final Report_Dr Chen.pdf,2018-19 (Third Round),28,575170,Application of Innovation and Technology,
2018.A4.048.18D,Are Cities in Guangdong-Hong Kong-Macao Bay Area Development Attractive to University Students in Hong Kong? From Perceived Image to Locational Decisions,"Prof CHAN Chung Shing,
Johnson",The Chinese University of Hong Kong,Completed,Research Report,https://www.cepu.gov.hk/doc/en/research_report(PDF)/2018.A4.048.18D_Final Report_Prof Chan.pdf,2018-19 (Fourth Round),15,399044,Economic Development,
2018.A4.049.18D,Meso-institution as Agent of Social Mobilization and Consensus Building: The Case of Tongxianghui,"Dr ZHENG Wan Tai, Victor",The Chinese University of Hong Kong,Completed,Research Report (Chinese Version only),https://www.cepu.gov.hk/doc/en/research_report(PDF)/2018.A4.049.18D_Final Report_Dr Zheng.pdf,2018-19 (Fourth Round),12,550000,Political Development and Governance,
2018.A4.051.18D,A Study on the View of Hong Kong Parents on Secondary Use of Dried Blood Spots in Newborn Screening Program - Implications on Evidence-based Policies,Dr HUI Lai Ling,The Chinese University of Hong Kong,Completed,Research Report,https://www.cepu.gov.hk/doc/en/research_report(PDF)/2018.A4.051.18D_Final Report_Dr Hui.pdf,2018-19 (Fourth Round),21,865398,Livelihood Issues,
2018.A6.118.18D,Investigating the Potential for Robotic Technology Adoption in the Hong Kong Tourism Industry,Dr Norman AU,The Hong Kong Polytechnic University,Completed,Research Report,https://www.cepu.gov.hk/doc/en/research_report(PDF)/2018.A6.118.18D_Final Report_Dr Au.pdf,2018-19 (Fourth Round),12,292019,Economic Development,
2018.A7.013.18D,Trans-regional Air Pollution Control in the Guangdong-Hong Kong-Macau Greater Bay Area: The Interplay between Science and Policy,Prof WU Xun,The Hong Kong University of Science and Technology,Completed,Research Report,https://www.cepu.gov.hk/doc/en/research_report(PDF)/2018.A7.013.18D_Final Report_Prof Wu.pdf,2018-19 (Fourth Round),19,631966,"Political Development and Governance, Environmental Protection",
2018.A8.078.18D,"""Finding the Needles in a Haystack"": Identification of the Illegal Dumping of Construction Waste Using Big Data","Dr LU Weisheng, Wilson",The University of Hong Kong,Completed,Research Report,https://www.cepu.gov.hk/doc/en/research_report(PDF)/2018.A8.078.18D_Final Report_Dr Lu.pdf,2018-19 (Fourth Round),18,447350,Environmental Protection,
2019.A2.033.19A,"How Can the United Kingdom's Elite Sport Success Inspire Elite Sport Policy in Hong Kong: The Cases of Cycling, Swimming and Taekwondo","Prof LAU Wing Chung, Patrick",Hong Kong Baptist University,Completed,Research Report,https://www.cepu.gov.hk/doc/en/research_report(PDF)/2019.A2.033.19A_Final Report_Prof Lau.pdf,2019-20 (First Round),15.5,601432,Others,
2019.A4.054.19A,Education as Soft Power: Hong Kong-trained Non-local University Students' Connections and Their Career Plan in Hong Kong,"Dr ZHENG Wan Tai, Victor",The Chinese University of Hong Kong,Completed,Research Report,https://www.cepu.gov.hk/doc/en/research_report(PDF)/2019.A4.054.19A_Final Report_Dr Zheng.pdf,2019-20 (First Round),12,495559,"Economic Development, Livelihood Issues",
2019.A5.047.19A,Investigating Space in Kindergartens under the Free Quality Kindergarten Education Scheme,"Dr YUEN Wai Kwan, Gail",The Education University of Hong Kong,Completed,Research Report,https://www.cepu.gov.hk/doc/en/research_report(PDF)/2019.A5.047.19A_Final Report_Dr Yuen.pdf,2019-20 (First Round),17,537050,Others,
2019.A5.052.19A,The Long March towards Professionalization: Study of Chinese Medicine Practitioners' Attitudes towards Professional Development in Hong Kong,"Prof CHIU Wing Kai, Stephen",The Education University of Hong Kong,Completed,Research Report (Chinese Version only),https://www.cepu.gov.hk/doc/tc/research_report(PDF)/2019.A5.052.19A_Final Report_Prof Chiu.pdf,2019-20 (First Round),15,741761,Livelihood Issues,
2019.A8.083.19A,Stalking: Intimate Partner Violence and Debt Collection Problems in Hong Kong,"Prof John
BACON SHONE",The University of Hong Kong,Completed,Research Report,https://www.cepu.gov.hk/doc/en/research_report(PDF)/2019.A8.083.19A_Final Report_Prof Bacon-Shone.pdf,2019-20 (First Round),15,294630,Political Development and Governance,
2019.A3.017.19B,"Housing as an Intergenerational Project-parental Resources, Parental Strategies and the Housing Opportunities of Young People in Hong Kong","Dr LAU Ka Wai, Maggie",Lingnan University,Completed,Research Report,https://www.cepu.gov.hk/doc/en/research_report(PDF)/2019.A3.017.19B_Final Report_Dr Lau.pdf,2019-20 (Second Round),21,868278,"Land and Housing, Youth Development, Livelihood Issues",
2019.A3.018.19B,Privacy Challenges and Big Data in Smart City,Dr IP Iam Chong,Lingnan University,Completed,Research Report (Chinese Version only),https://www.cepu.gov.hk/doc/tc/research_report(PDF)/2019.A3.018.19B_Final Report_Dr Ip.pdf,2019-20 (Second Round),15,268870,Political Development and Governance,
2019.A4.057.19B,"Health Behaviour in School-aged Children Study in Hong Kong: Assessing the Physical, Emotional and Social Well-being","Prof HO Sui Chu, Esther",The Chinese University of Hong Kong,Completed,Research Report (Chinese Version only),https://www.cepu.gov.hk/doc/tc/research_report(PDF)/2019.A4.057.19B_Final Report_Prof Ho.pdf,2019-20 (Second Round),18,985000,Youth Development,
2019.A4.058.19B,Hong Kong's Logistics Industry Development: Development Strategies in the New Spatial Context of the Guangdong-Hong Kong-Macao Greater Bay Area,Prof SHEN Jianfa,The Chinese University of Hong Kong,Completed,Research Report,https://www.cepu.gov.hk/doc/en/research_report(PDF)/2019.A4.058.19B_Final Report_Prof Shen.pdf,2019-20 (Second Round),15,552424,Economic Development,
2019.A5.053.19B,Well-being of Filipino Domestic Workers in Hong Kong: A Public Policy Priority for the Future,Dr Catherine Capio,The Education University of Hong Kong,Completed,Research Report,https://www.cepu.gov.hk/doc/en/research_report(PDF)/2019.A5.053.19B_Final Report_Dr Capio.pdf,2019-20 (Second Round),15,711620,Livelihood Issues,
2019.A5.055.19B,To Claim or Not to Claim: Towards a Better Understanding of the Take-up Rates of Welfare Schemes Targeting Hong Kong Older Adults and the Stigma Attached to Them,Prof CHOU Kee Lee,The Education University of Hong Kong,Completed,Research Report,https://www.cepu.gov.hk/doc/en/research_report(PDF)/2019.A5.055.19B_Final Report_Prof Chou.pdf,2019-20 (Second Round),12,898610,Livelihood Issues,
2019.A5.057.19B,Advancing Job- and Health-associated Outcomes for Employees of Small and Medium Enterprises in Hong Kong: A Study on Workplace Supervisor Support with Smartphone-based and Capacity-building Interventions,Dr Lina VYAS,The Education University of Hong Kong,Completed,Research Report,https://www.cepu.gov.hk/doc/en/research_report(PDF)/2019.A5.057.19B_Final Report_Dr Vyas.pdf,2019-20 (Second Round),33,882395,Livelihood Issues,
2019.A5.058.19B,Hong Kong's Professional Sector under Regionalization,Prof LUI Tai Lok,The Education University of Hong Kong,Completed,Research Report,https://www.cepu.gov.hk/doc/en/research_report(PDF)/2019.A5.058.19B_Final Report_Prof Lui.pdf,2019-20 (Second Round),21,835130,"Livelihood Issues, Economic Development",
2019.A1.086.19C,Investigation on Incorporating Adjacent Shading Effect into Overall Thermal Transfer Value Regulation for Energy-Efficient Building Design in Hong Kong,"Dr CHAN Lok Shun, Apple",City University of Hong Kong,Completed,Research Report,https://www.cepu.gov.hk/doc/en/research_report(PDF)/2019.A1.086.19C_Final Report_Dr Chan.pdf,2019-20 (Third Round),15,333118,Environmental Protection,
2019.A1.087.19C,Correlates of Family Strengths in Hong Kong - Implication for Family Wellbeing Policy,"Dr KWOK LAI Yuk Ching, Sylvia",City University of Hong Kong,Completed,Research Report,https://www.cepu.gov.hk/doc/en/research_report(PDF)/2019.A1.087.19C_Final Report_Dr Kwok.pdf,2019-20 (Third Round),25.2,600000,Livelihood Issues,
2019.A2.036.19C,A Study of Development of Esports in Hong Kong,Prof CHUNG Pak Kwong,Hong Kong Baptist University,Completed,Research Report,https://www.cepu.gov.hk/doc/en/research_report(PDF)/2019.A2.036.19C_Final Report_Prof Chung.pdf,2019-20 (Third Round),15,573637,Youth Development,
2019.A3.019.19C.A2,The Greater Bay Area and Career Opportunity for Hong Kong Youth: Integrating Big Data Analysis and Survey Experiments,Dr JIANG Jin,Hong Kong Baptist University,Completed,Research Report,https://www.cepu.gov.hk/doc/en/research_report(PDF)/2019.A3.019.19C.A2_Final Report_Dr Jiang.pdf,2019-20 (Third Round),24,500000,Youth Development,
2019.A4.056.19C,Improving the Effectiveness of Cross-boundary Securities Law Enforcement Between Hong Kong and Mainland China,Prof HUANG Hui,The Chinese University of Hong Kong,Completed,Research Report,https://www.cepu.gov.hk/doc/en/research_report(PDF)/2019.A4.056.19C_Final Report_Prof Huang.pdf,2019-20 (Third Round),18,364268,Economic Development,
2019.A5.060.19C,"Decomposing Between- and Within-group Income Inequality in Hong Kong: Politics, Welfare, and Identity","Dr WONG Yee Hang, Mathew",The Education University of Hong Kong,Completed,Research Report,https://www.cepu.gov.hk/doc/en/research_report(PDF)/2019.A5.060.19C_Final Report_Dr Wong.pdf,2019-20 (Third Round),12,360578,Livelihood Issues,
2019.A5.061.19C,Investigating the Effectiveness of an Information Technology Entrepreneurship Training Program for Ethnic Minorities in Hong Kong,Dr LEUNG Chi Hung,The Education University of Hong Kong,Completed,Research Report,https://www.cepu.gov.hk/doc/en/research_report(PDF)/2019.A5.061.19C_Final Report_Dr Leung.pdf,2019-20 (Third Round),24,995026,"Economic Development, Youth Development,  Livelihood Issues",
2019.A6.136.19C,Developing Hong Kong’s Smart Tourism,"Prof LAW Chun Hung, Roberts",The Hong Kong Polytechnic University,Completed,Research Report,https://www.cepu.gov.hk/doc/en/research_report(PDF)/2019.A6.136.19C_Final Report_Prof Law.pdf,2019-20 (Third Round),12,411355,Economic Development,
2019.A8.086.19C,The Contribution of Minority Languages and Dialects to Hong Kong’s Linguistic Landscape,Prof John BACON SHONE,The University of Hong Kong,Completed,Research Report,https://www.cepu.gov.hk/doc/en/research_report(PDF)/2019.A8.086.19C_Final Report_Prof Bacon Shone.pdf,2019-20 (Third Round),18,824653,Livelihood Issues,
2019.C5.004.19C,Managing Vibrant Streets: Street Performance Policy in Hong Kong,"Ms LAI Man Yin, Carine",Civic Exchange,Completed,Research Report,https://www.cepu.gov.hk/doc/en/research_report(PDF)/2019.C5.004.19C_Final Report_Ms Lai.pdf,2019-20 (Third Round),17,1300000,Others,
2019.A1.089.19D,Developing and Testing a Behavioral Theory of Performance Information Use for Hong Kong: Experimental Evidence on Cognitive Biases,"Prof Richard
Mark WALKER",City University of Hong Kong,Completed,Research Report,https://www.cepu.gov.hk/doc/en/research_report(PDF)/2019.A1.089.19D_Final Report_Prof Walker.pdf,2019-20 (Fourth Round),15.4,908293,"Environmental Protection, Political Development and Governance, Others",
2019.A2.039.19D,Complex Housing Tenure and Residential Relocation: the Case of the Hong Kong Special Administrative Region,Prof LI Si Ming,Hong Kong Baptist University,Completed,Research Report,https://www.cepu.gov.hk/doc/en/research_report(PDF)/2019.A2.039.19D_Final Report_Prof Li.pdf,2019-20 (Fourth Round),15,653200,Land and Housing,
2019.A4.063.19D,Teachers' Concerns about STEM Education: A Territory-wide Evaluation,Dr LAU Wing Fat,The Chinese University of Hong Kong,Completed,Research Report,https://www.cepu.gov.hk/doc/en/research_report(PDF)/2019.A4.063.19D_Final Report_Dr Lau.pdf,2019-20 (Fourth Round),15,399625,Application of Innovation and Technology,
2019.A4.064.19D,Regulating Cross-border Data: A Public Policy Framework for Hong Kong,"Prof Bryan Christopher
MERCURIO",The Chinese University of Hong Kong,Completed,Research Report,https://www.cepu.gov.hk/doc/en/research_report(PDF)/2019.A4.064.19D_Final Report_Prof Mercurio.pdf,2019-20 (Fourth Round),15,536199,Economic Development,
2019.A6.143.19D,Solving Public Housing Problem in Hong Kong by Adopting Modular Integrated Construction (MiC) to Build the Transitional House,Prof LI Heng,The Hong Kong Polytechnic University,Completed,Research Report,https://www.cepu.gov.hk/doc/en/research_report(PDF)/2019.A6.143.19D_Final Report_Prof Li.pdf,2019-20 (Fourth Round),24,878025,Land and Housing,
2019.A6.145.19D,Effects of Environment-related Experiences on Older Person’s Well-being in Hong Kong’s “Double Ageing” Context: A Person–environment Perspective,Dr SUN Yi,The Hong Kong Polytechnic University,Completed,Research Report,https://www.cepu.gov.hk/doc/en/research_report(PDF)/2019.A6.145.19D_Final Report_Dr Sun.pdf,2019-20 (Fourth Round),15,497030,Livelihood Issues,
2019.A8.089.19D,Facilitating Everyday Cross-border Monetary Transactions and the Potential of Digitization in the Greater Bay Area,Dr Tom MCDONALD,The University of Hong Kong,Completed,Research Report,https://www.cepu.gov.hk/doc/en/research_report(PDF)/2019.A8.089.19D_Final Report_Dr McDonald.pdf,2019-20 (Fourth Round),18,699962,Economic Development,
2020.A1.093.20A,Tracking the Influence of Misinformation on Perceptions about Flu Vaccine among the Elderly Population in Hong Kong,"Dr CHIA Chih Yun, Stella",City University of Hong Kong,Completed,Research Report,https://www.cepu.gov.hk/doc/en/research_report(PDF)/2020.A1.093.20A_Final Report_Dr Chia.pdf,2020-21 (First Round),17,531300,Livelihood Issues,
2020.A1.094.20A,Estimating the Social Benefits of Landfill Restoration and Redevelopment in Hong Kong: Evidence from Housing Market,Dr LI Xin,City University of Hong Kong,Completed,Research Report,https://www.cepu.gov.hk/doc/en/research_report(PDF)/2020.A1.094.20A_Final Report_Dr Li.pdf,2020-21 (First Round),15,308172,"Land and Housing,  Environmental Protection",
2020.A1.095.20A,Influencers' Facilitation of Prosocial Development among University Students,"Dr CHEUNG Chau Kiu, Jacky",City University of Hong Kong,Completed,Research Report,https://www.cepu.gov.hk/doc/en/research_report(PDF)/2020.A1.095.20A_Final Report_Dr Cheung.pdf,2020-21 (First Round),12,347530,Youth Development,
2020.A4.065.20A,The Development of Chinese Literacy Proficiency and its Relationship with Learning Motivation in Ethnic-minority Primary School Students,Prof WONG Yu Ka,The Chinese University of Hong Kong,Completed,Research Report,https://www.cepu.gov.hk/doc/en/research_report(PDF)/2020.A4.065.20A_Final Report_Prof Wong.pdf,2020-21 (First Round),12,473812,Livelihood Issues,
2020.A5.071.20A,Performance-based Regulation of Mass Transit Railway's Reliability Performance,Prof WOO Chi Keung,The Education University of Hong Kong,Completed,Research Report,https://www.cepu.gov.hk/doc/en/research_report(PDF)/2020.A5.071.20A_Final Report_Prof Woo.pdf,2020-21 (First Round),12,586040,Others,
2020.A6.146.20A,Effects of Indoor Environmental Quality on the Satisfaction Level of Elderly in Residential Care Homes,"Dr YUNG Hiu Kwan, Esther",The Hong Kong Polytechnic University,Completed,Research Report,https://www.cepu.gov.hk/doc/en/research_report(PDF)/2020.A6.146.20A_Final Report_Dr Yung.pdf,2020-21 (First Round),15,389942,Livelihood Issues,
2020.A6.148.20A,Data-driven Port State Control (PSC) Policies: Improving Maritime Safety and Promoting Green Shipping,Dr WANG Shuaian,The Hong Kong Polytechnic University,Completed,Research Report,https://www.cepu.gov.hk/doc/en/research_report(PDF)/2020.A6.148.20A_Final Report_Dr Wang.pdf,2020-21 (First Round),12,223100,Others,
2020.A6.150.20A,Chinese Travelers’ Perceptions towards Demand Based Pricing  Strategies of the High Speed Rail: A Conjoint Analysis Approach,Dr Basak DENIZCI GUILLET,The Hong Kong Polytechnic University,Completed,Research Report,https://www.cepu.gov.hk/doc/en/research_report(PDF)/2020.A6.150.20A_Final Report_Dr Denizci Guillet.pdf,2020-21 (First Round),24,518650,Economic Development,
2020.A8.091.20A,Assessment of the e-Cigarette Impact on Vascular Health,"Prof CHENG Wing Keung, Stephen",The University of Hong Kong,Completed,Research Report,https://www.cepu.gov.hk/doc/en/research_report(PDF)/2020.A8.091.20A_Final Report_Prof Cheng.pdf,2020-21 (First Round),30,641406,Livelihood Issues,
2020.A1.101.20B,Development of A Longitudinal Database on Adult Development and Aging,"Dr YEUNG Yuen Lan, Dannii",City University of Hong Kong,Completed,Research Report,https://www.cepu.gov.hk/doc/en/research_report(PDF)/2020.A1.101.20B_Final Report_Dr Yeung.pdf,2020-21 (Second Round),27,1146550,Livelihood Issues,
2020.A4.067.20B,"The Influence of Intrapersonal, Interpersonal and Community Protective Factors on Hong Kong Adolescents’ Stress during Political Life Events and Their Mental Health",Dr TO Siu Ming,The Chinese University of Hong Kong,Completed,Research Report,https://www.cepu.gov.hk/doc/en/research_report(PDF)/2020.A4.067.20B_Final Report_Dr To.pdf,2020-21 (Second Round),15,344655,Youth Development,
2020.A4.068.20B,A Feasibility Study on A Healthcare Voucher Scheme for Screening and Management of Cardiovascular Risk Factors Associated Chronic Diseases in the General Population: A Mixed Methods Evaluation,Prof YEOH Eng Kiong,The Chinese University of Hong Kong,Completed,Research Report,https://www.cepu.gov.hk/doc/en/research_report(PDF)/2020.A4.068.20B_Final Report_Prof Yeoh.pdf,2020-21 (Second Round),14,987850,Livelihood Issues,
2020.A7.014.20B,Post-processing Technique for Enhancing the Analysis Accuracy of Simulation Results from Air Ventilation Assessments,"Prof FUNG Chi Hung, Jimmy",The Hong Kong University of Science and Technology,Completed,Research Report,https://www.cepu.gov.hk/doc/en/research_report(PDF)/2020.A7.014.20B_Final Report_Prof Fung.pdf,2020-21 (Second Round),15,820373.2,Environmental Protection,
2020.A8.092.20B,An Empirical Study of the Nature of Animal Abuse Cases in Hong Kong from 2013-2019,Ms Amanda Sarah WHITFORT,The University of Hong Kong,Completed,Research Report,https://www.cepu.gov.hk/doc/en/research_report(PDF)/2020.A8.092.20B_Final Report_Ms Whitfort.pdf,2020-21 (Second Round),12,462019.4,Political Development and Governance,
2020.A8.093.20B,Investigating the Long-Term Effects of Rapid Repeat Pregnancy and Early Child Maltreatment among Young Mothers and Their Children in Hong Kong,Dr Patrick IP,The University of Hong Kong,Completed,Research Report,https://www.cepu.gov.hk/doc/en/research_report(PDF)/2020.A8.093.20B_Final Report_Dr Ip.pdf,2020-21 (Second Round),12,547049,Livelihood Issues,
2020.A8.094.20B,A Study of Hong Kong Popular Music Education,"Prof CHU Yiu Wai, Stephen",The University of Hong Kong,Completed,Research Report (Chinese Version only),https://www.cepu.gov.hk/doc/en/research_report(PDF)/2020.A8.094.20B_Final Report_Prof Chu.pdf,2020-21 (Second Round),18,597137.5,Youth Development,
2020.A2.043.20C,Hong Kong Media’s Coverage of Political Polarization and its Effects on People’s Political Attitudes and Behaviors,Dr ZHANG Xinzhi,Hong Kong Baptist University,Completed,Research Report,https://www.cepu.gov.hk/doc/en/research_report(PDF)/2020.A2.043.20C_Final Report_Dr Zhang.pdf,2020-21 (Third Round),11,356972,Political Development and Governance,
2020.A3.025.20C,Cooling Measures in Hong Kong and its Residential Property Market,Dr WANG Yonglin,Lingnan University,Completed,Research Report,https://www.cepu.gov.hk/doc/en/research_report(PDF)/2020.A3.025.20C_Final Report_Dr Wang.pdf,2020-21 (Third Round),15,485070,Land and Housing Supply,
2020.A5.076.20C,Home-School Collaboration as Online Learning Support System: A Case Study of Primary Schools amid Class Suspension in Hong Kong,"Dr LEE Tsz Lok, Trevor",The Education University of Hong Kong,Completed,Research Report (Chinese Version only),https://www.cepu.gov.hk/doc/en/research_report(PDF)/2020.A5.076.20C_Final Report_Dr Lee.pdf,2020-21 (Third Round),15,670450,Technology and Education,
2020.A6.154.20C,Policy Recommendations on Port Collaboration and Maritime Industry Sustainable Development of Hong Kong under the Great Bay Area Initiative,Dr YANG Dong,The Hong Kong Polytechnic University,Completed,Research Report,https://www.cepu.gov.hk/doc/en/research_report(PDF)/2020.A6.154.20C_Final Report_Dr Yang.pdf,2020-21 (Third Round),12,581785,Economic Development,
2020.A6.157.20C,"Reducing Greenhouse Gas Emissions from Shipping: Regulatory Challenges, Opportunities and Recommendations for Hong Kong",Dr ZHU Ling,The Hong Kong Polytechnic University,Completed,Research Report,https://www.cepu.gov.hk/doc/en/research_report(PDF)/2020.A6.157.20C_Final Report_Dr Zhu.pdf,2020-21 (Third Round),18,432975,Environmental Protection,
2020.A8.095.20C,"Evaluation of Wastewater Reuse in Hong Kong Using an Integrated Framework for Life-cycle Economic, Environmental and Public Health Impact Assessment",Prof LI Xiaoyan,The University of Hong Kong,Completed,Research Report,https://www.cepu.gov.hk/doc/en/research_report(PDF)/2020.A8.095.20C_Final Report_Prof Li.pdf,2020-21 (Third Round),21,998315,Others,
2020.A8.096.20C,Shoves or Nudges?  Promoting Behavioural Change to Tackle Climate Change in Hong Kong,Dr Terry Antonius VAN GEVELT,The University of Hong Kong,Completed,Research Report,https://www.cepu.gov.hk/doc/en/research_report(PDF)/2020.A8.096.20C_Final Report_Dr VAN GEVELT.pdf,2020-21 (Third Round),12,316250,Environmental Protection,
2020.A1.111.20D,"Accommodating the Needs of Persons with Disabilities in Policies concerning Public Health Emergencies: Law, Ethics and Practice",Dr CHOW Pok Yin Stephenson,City University of Hong Kong,Completed,Research Report,https://www.cepu.gov.hk/doc/en/research_report(PDF)/2020.A1.111.20D_Final Report_Dr Chow.pdf,2020-21 (Fourth Round),15,500000,Political Development and Governance,
2020.A4.071.20D,Evaluating The Impact Of New Town Development: A Piketty’s Framework,Dr LI Jing,The Chinese University of Hong Kong,Completed,Research Report,https://www.cepu.gov.hk/doc/en/research_report(PDF)/2020.A4.071.20D_Final Report_Dr Li.pdf,2020-21 (Fourth Round),12,392150,Land and Housing Supply,
2020.A4.072.20D,Identifying Social Capital for Family Caregiving in Chronic Organ Failure: A Concept Mapping Study,Dr NG Shek Nam Marques,The Chinese University of Hong Kong,Completed,Research Report,https://www.cepu.gov.hk/doc/en/research_report(PDF)/2020.A4.072.20D_Final Report_Dr Ng.pdf,2020-21 (Fourth Round),21,642709,Livelihood Issues,
2020.A8.099.20D,Enhancing Early Recognition and Management of Dementia for the Aging Population of Hong Kong - Roles of Primary Care Providers,Dr LAM Tai Pong,The University of Hong Kong,Completed,Research Report,https://www.cepu.gov.hk/doc/en/research_report(PDF)/2020.A8.099.20D_Final Report_Dr Lam.pdf,2020-21 (Fourth Round),12,345000,Livelihood Issues,
2020.B16.003.20D,Towards a Multicultural Active Ageing Policy: A Qualitative Study of Quality of Life Among South Asian Older Adults in Hong Kong,Dr SHUM Chun Tat,The Open University of Hong Kong***,Completed,Research Report,https://www.cepu.gov.hk/doc/en/research_report(PDF)/2020.B16.003.20D_Final Report_Dr Shum.pdf,2020-21 (Fourth Round),15,357159,Livelihood Issues,
2021.A1.112.21A,A Longitudinal Study of Intergenerational Transmission of Poverty in Hong Kong across the 2010s: Policy Implications in Poverty/Inequality and Youth Development,Dr HO Wing Chung,City University of Hong Kong,Completed,Research Report,https://www.cepu.gov.hk/doc/en/research_report(PDF)/2021.A1.112.21A_Final Report_Dr Ho.pdf,2021-22 (First Round),15,269596,"Livelihood Issues, Youth Development",
2021.A1.113.21A,Using Deliberation to Reduce Polarization and Build Consensus: An Experimental Study,Dr SHEN Fei,City University of Hong Kong,Completed,Research Report,https://www.cepu.gov.hk/doc/en/research_report(PDF)/2021.A1.113.21A_Final Report_Dr Shen.pdf,2021-22 (First Round),18,432687,Political Development and Governance,
2021.A4.073.21A,The Innovative Combination of Hong Kong's Brand Strength and the Mainland's Advanced Manufacturing Technology in Developing the Greater Bay Area as a Centre of High-quality Proprietary Chinese Medicine,"Dr ZHENG Wan Tai, Victor",The Chinese University of Hong Kong,Completed,Research Report (Chinese Version only),https://www.cepu.gov.hk/doc/en/research_report(PDF)/2021.A4.073.21A_Final Report_Dr Zheng.pdf,2021-22 (First Round),12,565892,Economic Development,
2021.A4.075.21A,Doxxing in Hong Kong: A Discourse-Analytic Perspective,"Dr LEE Ka Man, Carmen",The Chinese University of Hong Kong,Completed,Research Report,https://www.cepu.gov.hk/doc/tc/research_report(PDF)/2021.A4.075.21A_Final Report_Dr Lee.pdf,2021-22 (First Round),15,350000,Youth Development,
2021.A6.169.21A,Costs and Benefits of Undertaking BEAM (Building Environment Assessment Method) Plus New Building Assessments in Hong Kong,Dr CHAU Chi Kwan,The Hong Kong Polytechnic University,Completed,Research Report,https://www.cepu.gov.hk/doc/en/research_report(PDF)/2021.A6.169.21A_Final Report_Dr Chau.pdf,2021-22 (First Round),20,565169,Environmental Protection,
2021.A8.105.21A,Economic Determinants and Implications of the 2019 Hong Kong District Council Election,Prof TAO Zhigang,The University of Hong Kong,Completed,Research Report,https://www.cepu.gov.hk/doc/en/research_report(PDF)/2021.A8.105.21A_Final Report_Prof Tao.pdf,2021-22 (First Round),18,583625,"Livelihood Issues, Political Development and Governance",
2021.B16.005.21A,Political Participation in Late Adulthood: A Latent Transition Analysis,Dr LAM Wai Man,The Open University of Hong Kong***,Completed,Research Report,https://www.cepu.gov.hk/doc/en/research_report(PDF)/2021.B16.005.21A_Final Report_Dr Lam.pdf,2021-22 (First Round),24,870104,Livelihood Issues,
2021.C1.004.21A,Construction Policy: Utilizing Blockchain Technology for Construction Activity Tracking,"Ir Dr HO Chung Tai, Raymond",Dashun Foundation,Completed,Research Report,https://www.cepu.gov.hk/doc/en/research_report(PDF)/2021.C1.004.21A_Final Report_Ir Dr Ho.pdf,2021-22 (First Round),13.5,776020,Economic Development,
2021.A1.115.21B,Assessing Brownfield Redevelopment Potentials in Hong Kong: A Geographic Information System (GIS) Analysis of Brownfield Sites,Dr LI Xin,City University of Hong Kong,Completed,Research Report,https://www.cepu.gov.hk/doc/en/research_report(PDF)/2021.A1.115.21B_Final Report_Dr Li.pdf,2021-22 (Second Round),15,370455.2,Land and Housing Supply,
2021.A2.047.21B,Building Resilience to Information Disorder in Hong Kong: An Investigation of Rumor Exposure and Dissemination in Times of Public Crisis,"Dr SONG Yunya, Celine",Hong Kong Baptist University,Completed,Research Report,https://www.cepu.gov.hk/doc/en/research_report(PDF)/2021.A2.047.21B_Final Report_Dr Song.pdf,2021-22 (Second Round),15,500000,Political Development and Governance,
2021.A4.078.21B,Developing a Sustainable City Brand for Hong Kong based on Local Brand Equity of Green-Creative-Smart City,"Prof CHAN Chung Shing,
Johnson",The Chinese University of Hong Kong,Completed,Research Report,https://www.cepu.gov.hk/doc/en/research_report(PDF)/2021.A4.078.21B_Final Report_Prof Chan.pdf,2021-22 (Second Round),18,722027.5,Economic Development,
2021.A6.173.21B,Evaluation of Impact of Policy Interventions on the Building Information Modelling (BIM) Adoption Status in the Hong Kong Construction Industry: From a Comparative Perspective,Prof LI Heng,The Hong Kong Polytechnic University,Completed,Research Report,https://www.cepu.gov.hk/doc/en/research_report(PDF)/2021.A6.173.21B_Final Report_Prof Li.pdf,2021-22 (Second Round),18,409400,Economic Development,
2021.A6.174.21B,Evaluation of ‘Over-tourism’ Phenomenon in Hong Kong Using Machine Learning and Social Media Data,Dr LIU Xintao,The Hong Kong Polytechnic University,Completed,Research Report,https://www.cepu.gov.hk/doc/en/research_report(PDF)/2021.A6.174.21B_Final Report_Dr Liu.pdf,2021-22 (Second Round),12,223100,Others,
2021.A6.177.21B,A Decision Support System for Post-COVID Tourism Policy Formation and Monitoring,"Prof HSU Hui Chun, Cathy",The Hong Kong Polytechnic University,Completed,Research Report,https://www.cepu.gov.hk/doc/en/research_report(PDF)/2021.A6.177.21B_Final Report_Prof Hsu.pdf,2021-22 (Second Round),18,600000,Economic Development,
2021.A2.049.21C,Data Literacy of Hong Kong Internet Users,Dr IP Ka Wai,Hong Kong Baptist University,Completed,Research Report,https://www.cepu.gov.hk/doc/en/research_report(PDF)/2021.A2.049.21C_Final Report_Dr Ip.pdf,2021-22 (Third Round),12,610914.5,Others,
2021.A5.092.21C,"Working in the Guangdong-Hong Kong-Macao Greater Bay Area: Hong Kong Science, Technology, Engineering and Mathematics (STEM) Undergraduates' Intention and Concerns",Dr WAN Zhihong,The Education University of Hong Kong,Completed,Research Report,https://www.cepu.gov.hk/doc/en/research_report(PDF)/2021.A5.092.21C_Final Report_Dr Wan.pdf,2021-22 (Third Round),15,500000,"Economic Development, Youth Development",
2021.A5.096.21C.A2,Public Support for Social Inclusion Policies,Dr LEE Siu Yau,Hong Kong Baptist University,Completed,Research Report,https://www.cepu.gov.hk/doc/en/research_report(PDF)/2021.A5.096.21C.A2_Final Report_Dr Lee.pdf,2021-22 (Third Round),18.3,523250,Livelihood Issues,
2021.A6.181.21C,"Regulatory Framework and Guidelines for Drone Applications in the Hong Kong Architecture, Engineering and Construction Industry","Dr YANG Yang, Jackie",The Hong Kong Polytechnic University,Completed,Research Report,https://www.cepu.gov.hk/doc/en/research_report(PDF)/2021.A6.181.21C_Final Report_Dr Yang.pdf,2021-22 (Third Round),15,460000,Others,
2021.A7.021.21C,"The Persistence of Behavioral Changes in Post-Pandemic Hong Kong: Implications for Transportation, Housing and Economic Development Policies",Prof ZHU Pengyu,The Hong Kong University of Science and Technology,Completed,Research Report,https://www.cepu.gov.hk/doc/en/research_report(PDF)/2021.A7.021.21C_Final Report_Prof Zhu.pdf,2021-22 (Third Round),27,658087.5,Others,
2021.A8.110.21C,Attractions and Hurdles of Retiring in the Greater Bay Area in the Post-pandemic Period: Investigating How the Choice of Cross Border Retirement will be Affected by the Portability of Public Benefits and Social Support Network,"Prof CHOW Wing Sun, Nelson",The University of Hong Kong,Completed,Research Report,https://www.cepu.gov.hk/doc/en/research_report(PDF)/2021.A8.110.21C_Final Report_Prof Chow.pdf,2021-22 (Third Round),11,460000,Livelihood Issues,
2021.A1.119.21D,Socio-Economic Segregation in Hong Kong - Social Exclusion and the Provision of Public Services in Spatially Segregated Areas,Prof YIP Ngai Ming,City University of Hong Kong,Completed,Research Report,https://www.cepu.gov.hk/doc/en/research_report(PDF)/2021.A1.119.21D_Final Report_Prof Yip.pdf,2021-22 (Fourth Round),12,157205,Livelihood Issues,
2021.A1.120.21D,Investigating the Appropriateness of Adopting a Single Limit in Overall Thermal Transfer Value Regulation for Buildings in Hong Kong,"Dr CHAN Lok Shun, Apple",City University of Hong Kong,Completed,Research Report,https://www.cepu.gov.hk/doc/en/research_report(PDF)/2021.A1.120.21D_Final Report_Dr Chan.pdf,2021-22 (Fourth Round),12,439070,Environmental Protection,
2021.A1.121.21D,Capacity Building for Sustainable Water Governance in Hong Kong by Socio-technological Innovation,Dr LI Wanxin,City University of Hong Kong,Completed,Research Report,https://www.cepu.gov.hk/doc/en/research_report(PDF)/2021.A1.121.21D_Final Report_Dr LI.pdf,2021-22 (Fourth Round),22.5,637748.6,"Environmental Protection, Political Development and Governance",
2021.A5.100.21D,"Determinants of Hong Kong Secondary Students' Senses of Belonging to School, City, Country and the World",Dr WANG Hui,The Education University of Hong Kong,Completed,Research Report,https://www.cepu.gov.hk/doc/en/research_report(PDF)/2021.A5.100.21D_Final Report_Dr Wang.pdf,2021-22 (Fourth Round),15,425543.7,Education and Youth Development,
2021.A5.101.21D,"Investigating Primary School Teachers' E-assessment Practices, Intentions and Influencing Factors in the New Normal: Implications for Developing E-assessment Policy",Dr ZHAN Ying,The Education University of Hong Kong,Completed,Research Report,https://www.cepu.gov.hk/doc/en/research_report(PDF)/2021.A5.101.21D_Final Report_Dr Zhan.pdf,2021-22 (Fourth Round),12,662170,Innovation and Technology,
2021.A6.184.21D,Identifying and Prioritizing Development Zones for Green Roofs in Hong Kong: A Geospatial Smart City Way towards Carbon Neutrality,Dr YAO Wei,The Hong Kong Polytechnic University,Completed,Research Report,https://www.cepu.gov.hk/doc/en/research_report(PDF)/2021.A6.184.21D_Final Report_Dr Yao.pdf,2021-22 (Fourth Round),15,599150,Others,
2021.A6.185.21D,Towards People-centric Smart City Development: Investigating the Citizens' Preferences and Expectations about Smart-city Services in Hong Kong,Dr WEI Hsi Hsien,The Hong Kong Polytechnic University,Completed,Research Report,https://www.cepu.gov.hk/doc/en/research_report(PDF)/2021.A6.185.21D_Final Report_Dr Wei.pdf,2021-22 (Fourth Round),12,469401.25,Others,
2021.A6.189.21D,Study on the Critical Influencing Factors and Policy Effectiveness Improvement of the Collaborative Governance of the Construction and Demolition Waste Recycling Chain in Hong Kong,Prof LI Heng,The Hong Kong Polytechnic University,Completed,Research Report,https://www.cepu.gov.hk/doc/en/research_report(PDF)/2021.A6.189.21D_Final Report_Prof Li.pdf,2021-22 (Fourth Round),12,310270,Environmental Protection,
2021.C24.001.21D,Enhancing Hong Kong’s Role as Regional Aviation Hub through Developing a Supply Chain Service Center for Cross-border E-commerce,"Dr WANG Jixian, James",Bay Area Hong Kong Centre,Completed,Research Report (Chinese Version only),https://www.cepu.gov.hk/doc/en/research_report(PDF)/2021.C24.001.21D_Final Report_Dr Wang.pdf,2021-22 (Fourth Round),15,608450,Co-operation with the Mainland,
2022.A6.191.22A,Developing Low-Cost Remote Sensing System for Detecting Illegal Dumping of Construction Waste in Hong Kong,Dr ZHU Xiaolin,The Hong Kong Polytechnic University,Completed,Research Report,https://www.cepu.gov.hk/doc/en/research_report(PDF)/2022.A6.191.22A_Final Report_Dr Zhu.pdf,2022-23 (First Round),12,281060,Environmental Protection,
2022.B24.001.22A,Constructing A System of Interest for A Social Marketing Intervention to Nudge Plate Waste Reduction in Restaurants,"Dr LEE Suet Mui, Daisy",School of Professional Education and Executive Development The Hong Kong Polytechnic University,Completed,Research Report,https://www.cepu.gov.hk/doc/en/research_report(PDF)/2022.B24.001.22A_Final Report_Dr Lee.pdf,2022-23 (First Round),12,545790,Environmental Protection,
2022.A2.053.22B,Constructing Daily Hong Kong Online Price Index and Price Dynamics: The Role of Ecommerce in the Post-pandemic Era,"Dr WAN Shui Ki, Monique",Hong Kong Baptist University,Completed,Research Report,https://www.cepu.gov.hk/doc/en/research_report(PDF)/2022.A2.053.22B_Final Report_Dr Wan.pdf,2022-23 (Second Round),15,560050,Economic Development,
2022.A4.090.22B,Promoting Active Ageing and Social Participation with Time Voucher/Bank,"Prof AU Yuk Fai, Kevin",The Chinese University of Hong Kong,Completed,Research Report,https://www.cepu.gov.hk/doc/en/research_report(PDF)/2022.A4.090.22B_Final Report_Prof Au.pdf,2022-23 (Second Round),12,586045,Livelihood Issues,
2022.A7.024.22B,Regulating Tourist Coach Parking in Hong Kong: Curbside Management and Carpark Provision,Dr LI Sen,The Hong Kong University of Science and Technology,Completed,Research Report,https://www.cepu.gov.hk/doc/en/research_report(PDF)/2022.A7.024.22B_Final Report_Dr LI.pdf,2022-23 (Second Round),24,986718,Livelihood Issues,
2022.A8.121.22B,"Standards-Setting, National Security, and the Responsibility of Technological Platforms in Hong Kong: Understanding Article 139 of the Hong Kong Basic Law",Dr Marcelo THOMPSON,The University of Hong Kong,Completed,Research Report,https://www.cepu.gov.hk/doc/en/research_report(PDF)/2022.A8.121.22B_Final Report_Dr Thompson.pdf,2022-23 (Second Round),13.9,284573.25,Political Development and Governance,
2022.B24.002.22B,Motivating Small and Medium Enterprises (SMEs) to Adopt Blockchain for Building a Smart Hong Kong: An Investigation of Blockchain Adoption Drivers and Implementation Support,"Dr WONG Shun Mun, Helen",School of Professional Education and Executive Development The Hong Kong Polytechnic University,Completed,Research Report,https://www.cepu.gov.hk/doc/en/research_report(PDF)/2022.B24.002.22B_Final Report_Dr Wong.pdf,2022-23 (Second Round),12,432579.4,Innovation and Technology,
2022.A5.113.22C,Poverty Dynamics in Hong Kong: Synthetic Panel Approach,Prof CHOU Kee Lee,The Education University of Hong Kong,Completed,Research Report,https://www.cepu.gov.hk/doc/en/research_report(PDF)/2022.A5.113.22C_Final Report_Prof Chou.pdf,2022-23 (Third Round),12,400775,Livelihood Issues,
2022.A6.200.22C,"Tackling Ageing Buildings and Facilitating Urban Transformation:
Optimization of Floor Area Ratio Regulation in Hong Kong’s Urban Renewal Process",Dr FAN Ying,The Hong Kong Polytechnic University,Completed,Research Report,https://www.cepu.gov.hk/doc/en/research_report(PDF)/2022.A6.200.22C_Final Report_Dr Fan.pdf,2022-23 (Third Round),15,598000,Land and Housing,
2022.A6.202.22C,Incorporating Spatial Heterogeneity of Rainfall Response to Climate Change into the Design of Slope Drainage Provisions in Hong Kong,Dr WANG Shuo,The Hong Kong Polytechnic University,Completed,Research Report,https://www.cepu.gov.hk/doc/en/research_report(PDF)/2022.A6.202.22C_Final Report_Dr Wang.pdf,2022-23 (Third Round),12,470350,Others,
2022.A6.207.22C,Energy Efficiency Retrofitting of Existing Buildings for Carbon Neutrality in Hong Kong: Policy Recommendations and Guidelines for Overcoming the Challenges,"Prof CHAN Ping Chuen, Albert",The Hong Kong Polytechnic University,Completed,Research Report,https://www.cepu.gov.hk/doc/en/research_report(PDF)/2022.A6.207.22C_Final Report_Prof Chan.pdf,2022-23 (Third Round),15,359542.9,Environmental Protection,
2022.A8.125.22C,Establishing a Performance Expectation Framework for STEM Education Among Primary and Secondary School Students in Hong Kong,"Dr CHEN Chen, Logan",The University of Hong Kong,Completed,Research Report,https://www.cepu.gov.hk/doc/en/research_report(PDF)/2022.A8.125.22C_Final Report_Prof Chen.pdf,2022-23 (Third Round),15,546136.56,Education and Youth Development,
2022.A8.129.22C,Prefabrication Hub Feasibility for Hong Kong Construction Industry: An Integrated Approach,"Dr ZHONG Runyang, Ray",The University of Hong Kong,Completed,Research Report,https://www.cepu.gov.hk/doc/en/research_report(PDF)/2022.A8.129.22C_Final Report_Dr Zhong.pdf,2022-23 (Third Round),12,281691.35,"Economic Development, Innovation and Technology",
2022.A6.211.22D,Mission Zero: Cost Effective Pathway towards Carbon Neutral Buildings,Dr CHAU Chi Kwan,The Hong Kong Polytechnic University,Completed,Research Report,https://www.cepu.gov.hk/doc/en/research_report(PDF)/2022.A6.211.22D_Final Report_Dr Chau.pdf,2022-23 (Fourth Round),12,449535,Environmental Protection,
2022.A6.214.22D,Enhancing the Social Participation of Older People with Lived Experiences of Homelessness: A Community Based Participatory Research,Dr Crystal KWAN,The Hong Kong Polytechnic University,Completed,Research Report,https://www.cepu.gov.hk/doc/en/research_report(PDF)/2022.A6.214.22D_Final Report_Dr Kwan.pdf,2022-23 (Fourth Round),15,460000,Livelihood Issues,
2022.A6.215.22D,Using Carbon Regulation to Promote the Adoption of Modular Integrated Construction in Hong Kong: An Evolutionary Game-based Study,Prof LI Heng,The Hong Kong Polytechnic University,Completed,Research Report,https://www.cepu.gov.hk/doc/en/research_report(PDF)/2022.A6.215.22D_Final Report.pdf,2022-23 (Fourth Round),21,772225,Land and Housing,
2022.A8.130.22D,School Leaders’ Challenges and Responses during the COVID-19 Pandemic: Deriving Recommendations Based on Evidence from A Systematic Review,Dr TAN Cheng Yong,The University of Hong Kong,Completed,Research Report,https://www.cepu.gov.hk/doc/en/research_report(PDF)/2022.A8.130.22D_Final Report_Dr Tan.pdf,2022-23 (Fourth Round),12,308415,Education and Youth Development,
2022.C1.008.22D,Hong Kong 2030+ Eastern Knowledge and Technology Corridor: How to Create High Workability Conditions to Foster the Employment of Industrial Innovation Talents?,"Ir Dr HO Chung Tai, Raymond",Dashun Foundation,Completed,Research Report,https://www.cepu.gov.hk/doc/en/research_report(PDF)/2022.C1.008.22D_Final Report_Ir Dr Ho.pdf,2022-23 (Fourth Round),10,825700,Livelihood Issues,
2023.A6.221.23A,Now More Important than Ever: Promoting Healthy Financial Behaviors for Hong Kong Youths from Lower-SES Households,Dr LI Xiaomin,The Hong Kong Polytechnic University,Completed,Research Report,https://www.cepu.gov.hk/doc/en/research_report(PDF)/2023.A6.221.23A_Final Report.pdf,2023-24 (First Round),14,490291,"Livelihood Issues, Education and Youth Development",
2023.A6.225.23B,Policy Recommendations on Sustainable Logistics Development in Hong Kong under the Global ESG Trend and Initiatives,Dr TSANG Yung Po,The Hong Kong Polytechnic University,Completed,Research Report,https://www.cepu.gov.hk/doc/en/research_report(PDF)/2023.A6.225.23B_Final Report.pdf,2023-24 (Second Round),12,580750,Innovation and Technology,
